id,short_name,genus,species,display_name,tax_id
1,anogla,Anoplophora,glabripennis,Anoplophora glabripennis,217634
2,athros,Athalia,rosae,Athalia rosae,37344
3,cercap,Ceratitis,capitata,Ceratitis capitata,7213
4,cimlec,Cimex,lectularius,Cimex lectularius,79782
5,diacit,Diaphorina,citri,Diaphorina citri,121845
6,drobia,Drosophila,biarmipes,Drosophila biarmipes,125945
7,drobip,Drosophila,bipectinata,Drosophila bipectinata,42026
8,droele,Drosophila,elegans,Drosophila elegans,30023
9,droeug,Drosophila,eugracilis,Drosophila eugracilis,29029
10,drofic,Drosophila,ficusphila,Drosophila ficusphila,30025
11,drokik,Drosophila,kikkawai,Drosophila kikkawai,30033
12,drorho,Drosophila,rhopaloa,Drosophila rhopaloa,1041015
13,drotak,Drosophila,takahashii,Drosophila takahashii,29030
14,ephdan,Ephemera,danica,Ephemera danica,1049336
15,euraff,Eurytemora,affinis,Eurytemora affinis,88015
16,fraocc,Frankliniella,occidentalis,Frankliniella occidentalis,133901
17,ladful,Ladona,fulva,Ladona fulva,123851
18,lepdec,Leptinotarsa,decemlineata,Leptinotarsa decemlineata,7539
19,oncfas,Oncopeltus,fasciatus,Oncopeltus fasciatus,7536
20,oruabi,Orussus,abietinus,Orussus abietinus,222816
21,pacven,Pachypsylla,venusta,Pachypsylla venusta,38123
22,partep,Parasteatoda,tepidariorum,Parasteatoda tepidariorum,114398
23,tripre,Trichogramma,pretiosum,Trichogramma pretiosum,7493
24,censcu,Centruroides,sculpturatus,Centruroides sculpturatus,6879
25,copflo,Copidosoma,floridanum,Copidosoma floridanum,29053
26,gerbue,Gerris,buenoi,Gerris buenoi,56086
27,homvit,Homalodisca,vitripennis,Homalodisca vitripennis,197043
28,lathes,Latrodectus,hesperus,Latrodectus hesperus,256737
29,limlun,Limnephilus,lunatus,Limnephilus lunatus,1218281
30,loxrec,Loxosceles,reclusa,Loxosceles reclusa,6921
31,onttau,Onthophagus,taurus,Onthophagus taurus,166361
32,tigcal,Tigriopus,californicus,Tigriopus californicus,6832
33,agrpla,Agrilus,planipennis,Agrilus planipennis,224129
34,mansex,Manduca,sexta,Manduca sexta,7130
35,maydes,Mayetiola,destructor,Mayetiola destructor,39758
36,halhal,Halyomorpha,halys,Halyomorpha halys,286706
37,blager,Blattella,germanica,Blattella germanica,6973
38,cataqu,Catajapyx,aquilonaris,Catajapyx aquilonaris,438503
40,hyaazt,Hyalella,azteca,Hyalella azteca,294128
41,fopari,Fopius,arisanus,Fopius arisanus,64838
42,bacdor,Bactrocera,dorsalis,Bactrocera dorsalis,27457
43,baccuc,Bactrocera,cucurbitae,Bactrocera cucurbitae,28588
44,amytra,Amyelois,transitella,Amyelois transitella,680683
45,bacole,Bactrocera,oleae,Bactrocera oleae,104688
46,micdem,Microplitis,demolitor,Microplitis demolitor,69319
47,neolec,Neodiprion,lecontei,Neodiprion lecontei,441921
48,hablab,Habropoda,laboriosa,Habropoda laboriosa,597456
49,lasalb,Lasioglossum,albipes,Lasioglossum albipes,88501
50,megrot,Megachile,rotundata,Megachile rotundata,143995
52,dufnov,Dufourea,novaeangliae,Dufourea novaeangliae,178035
53,melqua,Melipona,quadrifasciata,Melipona quadrifasciata,166423
54,tricas,Tribolium,castaneum,Tribolium castaneum,7070
55,rhazep,Rhagoletis,zephyria,Rhagoletis zephyria,28612
56,diaall,Diachasma,alloeum,Diachasma alloeum,454923
57,cepcin,Cephus,cinctus,Cephus cinctus,211228
58,nicves,Nicrophorus,vespilloides,Nicrophorus vespilloides,110193
59,aettum,Aethina,tumida,Aethina tumida,116153
60,locmig,Locusta,migratoria,Locusta migratoria,7004
61,eugdil,Euglossa,dilemma,Euglossa dilemma,1507135
62,bemtab,Bemisia,tabaci,Bemisia tabaci,7038
63,helvir,Heliothis,virescens,Heliothis virescens,7102
64,rhimic,Rhipicephalus,microplus,Rhipicephalus microplus,2797
65,clihoo,Clitarchus,hookeri,Clitarchus hookeri,325643
66,holduo,Holacanthella,duospinosa,Holacanthella duospinosa,1983282
67,medext,Medauroidea,extradentata,Medauroidea extradentata,614211
68,mamcon,Mamestra,configurata,Mamestra configurata,174822
69,apimel,Apis,mellifera,Apis mellifera,7460
70,bomter,Bombus,terrestris,Bombus terrestris,30195
71,eufmex,Eufriesea,mexicana,Eufriesea mexicana,516756
72,bomimp,Bombus,impatiens,Bombus impatiens,132113
73,vardes,Varroa,destructor,Varroa destructor,109461
74,diavir,Diabrotica,virgifera,Diabrotica virgifera,50389
75,laostr,Laodelphax,striatellus,Laodelphax striatellus,195883
76,nylful,Nylanderia,fulva,Nylanderia fulva,613905
77,varjac,Varroa,jacobsoni,Varroa jacobsoni,62625
78,galmel,Galleria,mellonella,Galleria mellonella,7137
79,connas,Contarinia,nasturtii,Contarinia nasturtii,265458
80,odobru,Odontomachus,brunneus,Odontomachus brunneus,486640
81,osmlig,Osmia,lignaria,Osmia lignaria,473952
82,rhydom,Rhyzopertha,dominica,Rhyzopertha dominica,92692
83,cheins,Chelonus,insularis,Chelonus insularis,460826
87,phopyr,Photinus,pyralis,Photinus pyralis,7054
88,bracop,Bradysia,coprophila,Bradysia coprophila,38358
89,lucser,Lucilia,sericata,Lucilia sericata,13632
91,vencan,Venturia,canescens,Venturia canescens,32260
95,trimad,Tribolium,madens,Tribolium madens,41895
96,dipsim,Diprion,similis,Diprion similis,362088
97,neofab,Neodiprion,fabricii,Neodiprion fabricii,2872261
98,neopin,Neodiprion,pinetum,Neodiprion pinetum,441929
99,neovir,Neodiprion,virginiana,Neodiprion virginiana,441943
100,schpic,Schistocerca,piceifrons,Schistocerca piceifrons,274613
101,helzea,Helicoverpa,zea,Helicoverpa zea,7113
102,schame,Schistocerca,americana,Schistocerca americana,7009
104,schgre,Schistocerca,gregaria,Schistocerca gregaria,7010
105,schnit,Schistocerca,nitens,Schistocerca nitens,7011
106,schser,Schistocerca,serialis,Schistocerca serialis,2023354
107,antgra,Anthonomus,grandis,Anthonomus grandis,2921223
108,pecgos,Pectinophora,gossypiella,Pectinophora gossypiella,13191
109,bomhun,Bombus,huntii,Bombus huntii,85661
110,schcan,Schistocerca,cancellata,Schistocerca cancellata,274614
111,bomaff,Bombus,affinis,Bombus affinis,309941
112,derand,Dermacentor,andersoni,Dermacentor andersoni,34620
113,ploint,Plodia,interpunctella,Plodia interpunctella,58824
114,analud,Anastrepha,ludens,Anastrepha ludens,28586
115,anaobl,Anastrepha,obliqua,Anastrepha obliqua,95512
116,hylant,Hylaeus,anthracinus,Hylaeus anthracinus,313031
117,hylvol,Hylaeus,volcanicus,Hylaeus volcanicus,313075
118,zeucuc,Zeugodacus,cucurbitae,Zeugodacus cucurbitae,28588
119,diosub,Diorhabda,sublineata,Diorhabda sublineata,1163346
120,vesman,Vespa,mandarinia,Vespa mandarinia,7446
121,diocar,Diorhabda,carinulata,Diorhabda carinulata,1163345
122,micmed,Microplitis,mediator,Microplitis mediator,375433
124,cylfor,Cylas,formicarius,Cylas formicarius,197179
125,permai,Peregrinus,maidis,Peregrinus maidis,222432
126,cydpom,Cydia,pomonella,Cydia pomonella,82600
127,leggly,Leguminivora,glycinivorella,Leguminivora glycinivorella,1035111
128,dialon,Diachasmimorpha,longicaudata,Diachasmimorpha longicaudata,58733
129,vantam,Vanessa,tameamea,Vanessa tameamea,334116
130,orntur,Ornithodoros,turicata,Ornithodoros turicata,34597
131,anasim,Anabrus,simplex,Anabrus simplex,316456
