id,short_name,genus,species,tax_id,infraspecies,is_shown
6,drobia,Drosophila,biarmipes,125945,,t
29,limlun,Limnephilus,lunatus,1218281,,t
34,mansex,Manduca,sexta,7130,,t
20,oruabi,Orussus,abietinus,222816,,t
21,pacven,Pachypsylla,venusta,38123,,t
1,anogla,Anoplophora,glabripennis,217634,,t
32,tigcal,Tigriopus,californicus,6832,,t
2,athros,Athalia,rosae,37344,,t
3,cercap,Ceratitis,capitata,7213,,t
4,cimlec,Cimex,lectularius,79782,,t
5,diacit,Diaphorina,citri,121845,,t
7,drobip,Drosophila,bipectinata,42026,,t
8,droele,Drosophila,elegans,30023,,t
9,droeug,Drosophila,eugracilis,29029,,t
10,drofic,Drosophila,ficusphila,30025,,t
11,drokik,Drosophila,kikkawai,30033,,t
12,drorho,Drosophila,rhopaloa,1041015,,t
13,drotak,Drosophila,takahashii,29030,,t
14,ephdan,Ephemera,danica,1049336,,t
15,euraff,Eurytemora,affinis,88015,,t
16,fraocc,Frankliniella,occidentalis,133901,,t
17,ladful,Ladona,fulva,123851,,t
18,lepdec,Leptinotarsa,decemlineata,7539,,t
19,oncfas,Oncopeltus,fasciatus,7536,,t
22,partep,Parasteatoda,tepidariorum,114398,,t
23,tripre,Trichogramma,pretiosum,7493,,t
65,clihoo,Clitarchus,hookeri,325643,,t
25,copflo,Copidosoma,floridanum,29053,,t
26,gerbue,Gerris,buenoi,56086,,t
27,homvit,Homalodisca,vitripennis,197043,,t
28,lathes,Latrodectus,hesperus,256737,,t
24,censcu,Centruroides,sculpturatus,6879,,t
66,holduo,Holacanthella,duospinosa,1983282,,t
104,schgre,Schistocerca,gregaria,7010,,t
30,loxrec,Loxosceles,reclusa,6921,,t
31,onttau,Onthophagus,taurus,166361,,t
33,agrpla,Agrilus,planipennis,224129,,t
35,maydes,Mayetiola,destructor,39758,,t
37,blager,Blattella,germanica,6973,,t
38,cataqu,Catajapyx,aquilonaris,438503,,t
41,fopari,Fopius,arisanus,64838,,t
42,bacdor,Bactrocera,dorsalis,27457,,t
44,amytra,Amyelois,transitella,680683,,t
45,bacole,Bactrocera,oleae,104688,,t
46,micdem,Microplitis,demolitor,69319,,t
48,hablab,Habropoda,laboriosa,597456,,t
49,lasalb,Lasioglossum,albipes,88501,,t
50,megrot,Megachile,rotundata,143995,,t
52,dufnov,Dufourea,novaeangliae,178035,,t
53,melqua,Melipona,quadrifasciata,166423,,t
54,tricas,Tribolium,castaneum,7070,,t
55,rhazep,Rhagoletis,zephyria,28612,,t
56,diaall,Diachasma,alloeum,454923,,t
57,cepcin,Cephus,cinctus,211228,,t
58,nicves,Nicrophorus,vespilloides,110193,,t
67,medext,Medauroidea,extradentata,614211,,t
68,mamcon,Mamestra,configurata,174822,,t
69,apimel,Apis,mellifera,7460,,t
60,locmig,Locusta,migratoria,7004,,t
61,eugdil,Euglossa,dilemma,1507135,,t
62,bemtab,Bemisia,tabaci,7038,,t
63,helvir,Heliothis,virescens,7102,,t
64,rhimic,Rhipicephalus,microplus,2797,,t
70,bomter,Bombus,terrestris,30195,,t
71,eufmex,Eufriesea,mexicana,516756,,t
72,bomimp,Bombus,impatiens,132113,,t
75,laostr,Laodelphax,striatellus,195883,,t
76,nylful,Nylanderia,fulva,613905,,t
77,varjac,Varroa,jacobsoni,62625,,t
78,galmel,Galleria,mellonella,7137,,t
79,connas,Contarinia,nasturtii,265458,,t
81,osmlig,Osmia,lignaria,473952,,t
82,rhydom,Rhyzopertha,dominica,92692,,t
83,cheins,Chelonus,insularis,460826,,t
97,neofab,Neodiprion,fabricii,2872261,,t
87,phopyr,Photinus,pyralis,7054,,t
89,lucser,Lucilia,sericata,13632,,t
105,schnit,Schistocerca,nitens,7011,,t
96,dipsim,Diprion,similis,362088,,t
98,neopin,Neodiprion,pinetum,441929,,t
106,schser,Schistocerca,serialis,2023354,,t
115,anaobl,Anastrepha,obliqua,95512,,t
112,derand,Dermacentor,andersoni,34620,,t
91,vencan,Venturia,canescens,32260,,t
99,neovir,Neodiprion,virginiana,441943,,t
100,schpic,Schistocerca,piceifrons,274613,,t
95,trimad,Tribolium,madens,41895,,t
101,helzea,Helicoverpa,zea,7113,,t
102,schame,Schistocerca,americana,7009,,t
107,antgra,Anthonomus,grandis,2921223,,t
110,schcan,Schistocerca,cancellata,274614,,t
116,hylant,Hylaeus,anthracinus,313031,,t
117,hylvol,Hylaeus,volcanicus,313075,,t
118,zeucuc,Zeugodacus,cucurbitae,28588,,t
108,pecgos,Pectinophora,gossypiella,13191,,t
109,bomhun,Bombus,huntii,85661,,t
111,bomaff,Bombus,affinis,309941,,t
126,cydpom,Cydia,pomonella,82600,,t
127,leggly,Leguminivora,glycinivorella,1035111,,t
128,dialon,Diachasmimorpha,longicaudata,58733,,t
131,anasim,Anabrus,simplex,316456,,t
113,ploint,Plodia,interpunctella,58824,,t
114,analud,Anastrepha,ludens,28586,,t
129,vantam,Vanessa,tameamea,334116,,t
136,diaund,Diabrotica,undecimpunctata,50387,,t
119,diosub,Diorhabda,sublineata,1163346,,t
120,vesman,Vespa,mandarinia,7446,,t
121,diocar,Diorhabda,carinulata,1163345,,t
122,micmed,Microplitis,mediator,375433,,t
130,orntur,Ornithodoros,turicata,34597,,t
124,cylfor,Cylas,formicarius,197179,,t
125,permai,Peregrinus,maidis,222432,,t
47,neolec,Neodiprion,lecontei,441921,,t
36,halhal,Halyomorpha,halys,286706,,t
88,bracop,Bradysia,coprophila,38358,,t
73,vardes,Varroa,destructor,109461,,t
59,aettum,Aethina,tumida,116153,,t
80,odobru,Odontomachus,brunneus,486640,,t
74,diavir,Diabrotica,virgifera,50389,,t
40,hyaazt,Hyalella,azteca,294128,,t
