fasta_file,checksum,id
/usr/local/i5k/media/blast/db/104688_ref_gapfilled_joined_lt9474.gt500.covgt10_protein.fa,e4048d190833d0ea0087d65fbfd1eb88,1
/usr/local/i5k/media/blast/db/121845_ref_Diaci_psyllid_genome_assembly_version_1.1_chrUn.fa,3d9011e53c1a14fa8a4387e14763c4a7,2
/usr/local/i5k/media/blast/db/178035_ref_ASM127255v1_chrUn_RefSeqIDs.fa,0175142d1bf0866187f91ed4e4af1b97,3
/usr/local/i5k/media/blast/db/64838_ref_asm80636v1_chrun_refseq_ids.fa,23f5a4ee75469ec26d52cf9cd61baf1f,4
/usr/local/i5k/media/blast/db/APLA_new_ids.faa,5c5fbf192778916201abb7c758fe8720,5
/usr/local/i5k/media/blast/db/AROS_new_ids.faa,74a6db518834f843c88aa4e27be2e0de,6
/usr/local/i5k/media/blast/db/Agla_Btl03082013.genome_new_ids.fa,43470b1f4ab53cdba6e97fd5dd227ceb,7
/usr/local/i5k/media/blast/db/BDOR_v1-blast.proteins.fasta,6ec4f0328920384a372b9b21e3e3ffac,9
/usr/local/i5k/media/blast/db/BGER.faa,d25988ebb5584d164c3d8cb836c38f99,10
/usr/local/i5k/media/blast/db/Bactrocera_dorsalis_Bdor_v1_MAKER_annotations-BDOR1.1_cds.fa,87bf4ca9e5cc05e548c12d0ad05a7619,12
/usr/local/i5k/media/blast/db/Bactrocera_dorsalis_Bdor_v1_MAKER_annotations-BDOR1.1_pep.fa,93df2180ae799325f9047f6a2f8b0b61,13
/usr/local/i5k/media/blast/db/Bactrocera_dorsalis_Bdor_v1_MAKER_annotations-BDOR1.1_trans.fa,7c5ccac2ab1a956cf832033ed7aa58ab,14
/usr/local/i5k/media/blast/db/Bgermanica.scaffolds.fa,751eca58e11acd01eb4193569f7b3f4f,15
/usr/local/i5k/media/blast/db/Boleae2.gene_structures_post_PASA_updates.116290_RefSeq_ids_updated_prot.faa,c4f3e03468a2dc50353fa594060327b2,16
/usr/local/i5k/media/blast/db/Bombus_terrestris_v1.4.pep.fa,a49d7bff0d3ba07000f74d53be72728c,17
/usr/local/i5k/media/blast/db/Bradysia_coprophila.Bcop_v1.0_proteins_with_putative_function.fasta,6b624f62c44658f30f611d89f06d0733,18
/usr/local/i5k/media/blast/db/Bradysia_coprophila.Bcop_v1.0_transcripts_with_putative_function.fasta,a5dd967156bbada8a06d7eba4d98632c,19
/usr/local/i5k/media/blast/db/CAQU.Models-Caqu_2.0_cds.fa,fc2fe853aa73fdca475c084e42b75eb9,20
/usr/local/i5k/media/blast/db/CAQU.Models-Caqu_2.0_pep.fa,e0b4121a1f1a856bbd61483b655d65f7,21
/usr/local/i5k/media/blast/db/CAQU.Models-Caqu_2.0_trans.fa,2565f4ed6248457335472aa20f7e4f9c,22
/usr/local/i5k/media/blast/db/CAQU.faa,c7eb7b154d0a71659376885c1e4d9cc5,23
/usr/local/i5k/media/blast/db/CFLO_new_ids.faa,6f7ae94ec9020b77cbcd27a17b70b735,24
/usr/local/i5k/media/blast/db/CFLO_new_ids.fna,0ffaf3e96b5218527b5605f64aabb8f1,25
/usr/local/i5k/media/blast/db/CLEC_new_ids.faa,7fe90875d70431cfa5fd24145d61b71c,26
/usr/local/i5k/media/blast/db/CLEC_new_ids.fna,bcdb454e8f8db2f1da9c0bde16cfcbeb,27
/usr/local/i5k/media/blast/db/CSCU_new_ids.faa,293a1ccb6c4bcef43d5d429141e11f1a,28
/usr/local/i5k/media/blast/db/CSCU_new_ids.fna,0c6dbd6e13c771edef28e104d5dd343f,29
/usr/local/i5k/media/blast/db/Ccap01172013-genome_new_ids.fa,fd5272b2d38a5dd88d38596ba6185210,30
/usr/local/i5k/media/blast/db/Cercap_NCBI_RefSeq.faa,8cb913133c37258ff05bfc38b24fb1e7,31
/usr/local/i5k/media/blast/db/Cercap_NCBI_RefSeq.fna,ee9b32dc22c68fc233b583392e75dd25,32
/usr/local/i5k/media/blast/db/Cflo.scaffolds_new_ids.fa,63298dc502755182cd35041d5424b144,33
/usr/local/i5k/media/blast/db/Clec_Bbug02212013.genome_new_ids.fa,c8172063406e4055f178543d11b6e36c,34
/usr/local/i5k/media/blast/db/Clitarchus_hookeri_Maker_annotations_cds.fa,59313d2e730cedaea240efbb0e4b3118,35
/usr/local/i5k/media/blast/db/Clitarchus_hookeri_Maker_annotations_pep.fa,0f94c24c4a7611ec98ca2f9060618ab3,36
/usr/local/i5k/media/blast/db/Clitarchus_hookeri_Maker_annotations_trans.fa,d2a0a92e0742fb3127fa051f8a79be7b,37
/usr/local/i5k/media/blast/db/Cscul.scaffolds.50_new_ids.fa,a14ca5e6d06df1adcc21a2ee4ddc1d99,38
/usr/local/i5k/media/blast/db/DBIA.faa,7b717a9a9a047664083388854b6b09d0,39
/usr/local/i5k/media/blast/db/DBIA.fna,c6001afe445f4d090e9e4b3b805079b8,40
/usr/local/i5k/media/blast/db/DBIP.faa,3d13c92c8c96bb629b702e80dc92d134,41
/usr/local/i5k/media/blast/db/DBIP.fna,def2988ab9088633fd0d5be6a216e487,42
/usr/local/i5k/media/blast/db/DELE.faa,90c584edc77128633923eb67bbfc5e67,43
/usr/local/i5k/media/blast/db/DELE.fna,b2d64dd62805c3f015c9479ca3701b3b,44
/usr/local/i5k/media/blast/db/DEUG.faa,89c239c7f817a701842802451f0cab05,45
/usr/local/i5k/media/blast/db/DEUG.fna,91a5f6672b759258f0b6b111bf883efe,46
/usr/local/i5k/media/blast/db/DFIC.faa,dd5216c89dbdde89d848e55b1ff8541a,47
/usr/local/i5k/media/blast/db/DFIC.fna,3a00adebc2b1b9e60719201b0400c2ba,48
/usr/local/i5k/media/blast/db/DKIK.faa,fab02eed4b288ae15b5a7154b9aa5e4d,49
/usr/local/i5k/media/blast/db/DKIK.fna,12fd7699bef46bd69a8ec47c0bf4d5b0,50
/usr/local/i5k/media/blast/db/DRHO.faa,d366aed50c133e6888be7a560260d12a,51
/usr/local/i5k/media/blast/db/DRHO.fna,7bb15dc5acf4d04196023bab4f40b17c,52
/usr/local/i5k/media/blast/db/DTAK.faa,cffd685f84dd2e80126a2362bd2bbf47,53
/usr/local/i5k/media/blast/db/DTAK.fna,7f9c2192d01cd42d7cf3134623eb50b2,54
/usr/local/i5k/media/blast/db/Dcitr_OGSv1.0_cds.fa,fd8c311b0262b96ac62d7c7992b093f1,55
/usr/local/i5k/media/blast/db/Dcitr_OGSv1.0_pep.fa,42d11e652fa890f0a40f3066ea93bb67,56
/usr/local/i5k/media/blast/db/Dcitr_OGSv1.0_rna.fa,436e79c3ce234079a568a373d3c6aa21,57
/usr/local/i5k/media/blast/db/Diacit_refseq_protein.fa,0f8eb95a9ea2b1569d62d791415317f1,58
/usr/local/i5k/media/blast/db/Diacit_refseq_rna.fa,a34a4c416ec70da65f4fbf20b6a4cf88,59
/usr/local/i5k/media/blast/db/Dufourea_novaeangliae_v1.1_mapped-to-RefSeq_CDS.fna,295784e4e2f58ed3cc14d07368d9dc1b,60
/usr/local/i5k/media/blast/db/Dufourea_novaeangliae_v1.1_mapped-to-RefSeq_peptide.faa,df16d2f72510f5cfec3624bb9436220a,61
/usr/local/i5k/media/blast/db/EAFF_new_ids.faa,bac5494540a64edb8c8b3712ae11d2b5,62
/usr/local/i5k/media/blast/db/EAFF_new_ids.fna,cb401df30a03007c1bd2ada255f9b327,63
/usr/local/i5k/media/blast/db/EDAN_new_ids.faa,dda50504810c806c7d527c4cef53f9db,64
/usr/local/i5k/media/blast/db/EDAN_new_ids.fna,37c2e69bb5c3ef742baf9eaa60291e42,65
/usr/local/i5k/media/blast/db/Eaff_11172013.genome_new_ids.fa,7a08ba5f8ff7c5451e1dc8cb635a3f04,66
/usr/local/i5k/media/blast/db/Edan07162013.scaffolds_new_ids.fa,df0e3df70d74d6d70f0dd69c1356ae3b,67
/usr/local/i5k/media/blast/db/Edil_v1.0_peptide.fa,af06d0f71caf8aee8d780a2f6c715c75,68
/usr/local/i5k/media/blast/db/Edil_v1.0_transcripts.fa,a5f919da0632a1282ad4899ce577e17c,69
/usr/local/i5k/media/blast/db/Eufriesea_mexicana_v1.2_pep.fa,0c42149a34012ca7251705f5238bec88,70
/usr/local/i5k/media/blast/db/FOCC_new_ids.faa,2af6bf27668088598378f3daacac124d,71
/usr/local/i5k/media/blast/db/FOCC_new_ids.fna,6dd51b21a99263680f3e805041f006d7,72
/usr/local/i5k/media/blast/db/Focc_FINAL.scaffolds_new_ids.fa,715e66e441c2c608dd0c2085077c7873,73
/usr/local/i5k/media/blast/db/GBUE_new_ids.faa,6601503467f5b45814b3158142a4d064,74
/usr/local/i5k/media/blast/db/GBUE_new_ids.fna,80c1d801bbbac89008ab1d7227bcfee5,75
/usr/local/i5k/media/blast/db/GCA_000002335.3_Tcas5.2_protein.faa,1d86f5ede32c4b7d128e96d26bed05f9,76
/usr/local/i5k/media/blast/db/GCA_000346575.1_ASM34657v1_genomic_GenBankIDs.fna,7e817340e2bfa5717131fb0501d78fb2,77
/usr/local/i5k/media/blast/db/GCA_000376725.2_Lful_2.0_genomic.fna,060a7a7ffeaf24e0f44d6ee7d35ee05f,78
/usr/local/i5k/media/blast/db/GCA_000507165.2_Edan_2.0_genomic.fna,aa3bb6f91d1341fd05743cc7f08c45f1,79
/usr/local/i5k/media/blast/db/GCA_000696795.3_Hhal_1.1_genomic.fna,0f8842e4846bc05a04e51da9a833c0df,80
/usr/local/i5k/media/blast/db/GCA_000696855.1_Hvit_1.0_genomic.fna,44c2152baf2c39092fe1f0c35d16dd72,81
/usr/local/i5k/media/blast/db/GCA_000697925.1_Lhes_1.0_genomic.fna,b8a5132525f327e33d4ae8427ec9c04e,82
/usr/local/i5k/media/blast/db/GCA_000934665.2_Caqu_2.0_genomic.fna,396ac5985510843e5ddf1b858c6b4c9c,83
/usr/local/i5k/media/blast/db/GCA_001188405.1_Lrec_1.0_genomic.fna,afd020cdb470df63a6f3bdd580ff5cb8,84
/usr/local/i5k/media/blast/db/GCA_001263275.1_ASM126327v1_genomic_GenBankIds.fna,85e39c3fd2d1a720295aa24d1a822b50,85
/usr/local/i5k/media/blast/db/GCA_001263275.1_ASM126327v1_protein.faa,5b69af98cba5a3e47c1ad999e9f3ee5c,86
/usr/local/i5k/media/blast/db/GCA_001276565.1_ASM127656v1_genomic_GenBankIDs.fna,9040b876b9c4c88bec8e8ebeba3f63a3,87
/usr/local/i5k/media/blast/db/GCA_001276565.1_ASM127656v1_protein.faa,f32954af31b00d130f3a8a18f91781f0,88
/usr/local/i5k/media/blast/db/GCA_002192655.3_ASM219265v3_cds_from_genomic.fna,d9548c0a9bac0b0f6a36c576be240d8b,89
/usr/local/i5k/media/blast/db/GCA_002192655.3_ASM219265v3_genomic.fna,a550e93aad35064a78e6e0c5b6e98c8e,90
/usr/local/i5k/media/blast/db/GCA_002192655.3_ASM219265v3_rna_from_genomic.fna,75a808cb969329225920476abc8fb0de,91
/usr/local/i5k/media/blast/db/GCA_002192655.3_ASM219265v3_translated_cds.faa,c07187c05d987c98d67646ba4a7fd5c3,92
/usr/local/i5k/media/blast/db/GCA_002382865.1_K63_refined_pacbio_protein.fasta,51d89ef2ea10b4a085a55e434ce5b5cb,93
/usr/local/i5k/media/blast/db/GCA_002382865.1_K63_refined_pacbio_translated_cds.fasta,eab57ad512c5d565db3f08eeb8ae6d1d,94
/usr/local/i5k/media/blast/db/GCA_002382865.2_ASM238286v2_genomic.fna,74572a87e4fae869780b782a52f63b41,95
/usr/local/i5k/media/blast/db/GCA_002738285.1_ASM273828v1_genomic.fna,16f3b22b3ee7b61cddfe3d9465cfd087,96
/usr/local/i5k/media/blast/db/GCA_002778355.1_ASM277835v1_genomic_over_1000.fna,0c9966f44aed2ed5184ada675a540300,97
/usr/local/i5k/media/blast/db/GCA_003012365.1_ASM301236v1_genomic.fna,70ee53e9bb06a0bd4be87a0b7e9cf507,98
/usr/local/i5k/media/blast/db/GCA_003335185.2_ASM333518v2_genomic.fna,08ed893a6a48c141975df981773f30bb,99
/usr/local/i5k/media/blast/db/GCF_000002335.3_Tcas5.2_protein.faa,c3789e194a5b70c7c3793bb530358e0d,100
/usr/local/i5k/media/blast/db/GCF_000188095.2_BIMP_2.1_translated_cds.faa,1bc10bac0d4d72ca431d52eadeb3c7c1,101
/usr/local/i5k/media/blast/db/GCF_000188095.3_BIMP_2.2_cds_from_genomic.fna,97b03f353a793a5ea7ddb5aa223d445c,102
/usr/local/i5k/media/blast/db/GCF_000188095.3_BIMP_2.2_genomic.fna,37ddf9905a6405ea694f4203748cc100,103
/usr/local/i5k/media/blast/db/GCF_000188095.3_BIMP_2.2_rna_from_genomic.fna,270a8cd89be1f96d1b40d48eb7f85f3b,104
/usr/local/i5k/media/blast/db/GCF_000188095.3_BIMP_2.2_translated_cds.faa,018613e916acbdb47d8cee9884861aa9,105
/usr/local/i5k/media/blast/db/GCF_000214255.1_Bter_1.0_translated_cds.faa,f2a79019678b899539b065a133f03184,106
/usr/local/i5k/media/blast/db/GCF_000220665.1_Dfic_2.0_protein.faa,5c7e7fe34429563eadbe704246af9e9b,107
/usr/local/i5k/media/blast/db/GCF_000220905.1_MROT_1.0_genomic_RefSeqIDs.fna,275bcfe4c8ae6137548655be94d6793d,108
/usr/local/i5k/media/blast/db/GCF_000224195.1_Dele_2.0_protein.faa,7792b64939036b1ce3c8db9dfa154163,109
/usr/local/i5k/media/blast/db/GCF_000224215.1_Dkik_2.0_protein.faa,8601a994fd20353d3579f3b9f9c766b3,110
/usr/local/i5k/media/blast/db/GCF_000224235.1_Dtak_2.0_protein.faa,6f5f7d265b06dfa83e79b422022b6956,111
/usr/local/i5k/media/blast/db/GCF_000233415.1_Dbia_2.0_protein.faa,42ccbbd5155bf9ceb2b1eeb1f2fd5b1c,112
/usr/local/i5k/media/blast/db/GCF_000236285.1_Dbip_2.0_protein.faa,9344ae9e5422074c98c182914cf5b09e,113
/usr/local/i5k/media/blast/db/GCF_000236305.1_Drho_2.0_protein.faa,b4443720f5901e7bd92ee32ddea35076,114
/usr/local/i5k/media/blast/db/GCF_000236325.1_Deug_2.0_protein.faa,7e0548144cc763eb5f96a8566a56debd,115
/usr/local/i5k/media/blast/db/GCF_000341935.1_Ccin1_protein.faa,f32215d5070b0c6bf37700548507d00d,116
/usr/local/i5k/media/blast/db/GCF_000341935.1_Ccin1_translated_cds_Annotation-Release-101.faa,c2895fc0287adfdfb60704a8402f151f,117
/usr/local/i5k/media/blast/db/GCF_000341935.2_Ccin1v2_cds_from_genomic.fna,61bd96b7be33b6396579ecacf79f4a2e,118
/usr/local/i5k/media/blast/db/GCF_000341935.2_Ccin1v2_genomic.fna,0393469b9ad8d2303dfd2d92c2747656,119
/usr/local/i5k/media/blast/db/GCF_000341935.2_Ccin1v2_rna_from_genomic.fna,6b203f0884dfa52ecc87da13c4b441c2,120
/usr/local/i5k/media/blast/db/GCF_000341935.2_Ccin1v2_translated_cds.faa,8e821cbc60cfaed8dfaf0990ab0952e3,121
/usr/local/i5k/media/blast/db/GCF_000344095.2_Aros_2.0_translated_cds.faa,7593ff0ed505679f3dcc8ebab5d1aa23,122
/usr/local/i5k/media/blast/db/GCF_000347755.3_Ccap_2.1_cds_from_genomic.fna,a5f39fb9af4acb40890b6c53bfbf248f,123
/usr/local/i5k/media/blast/db/GCF_000347755.3_Ccap_2.1_genomic.fna,be994d34dac7eb0d37cfa928d2abdc9c,124
/usr/local/i5k/media/blast/db/GCF_000347755.3_Ccap_2.1_rna_from_genomic.fna,84188a3bc55a3a6d53550822860e3731,125
/usr/local/i5k/media/blast/db/GCF_000347755.3_Ccap_2.1_translated_cds.faa,fa414c6b1eec9a22fbb665946d52037d,126
/usr/local/i5k/media/blast/db/GCF_000390285.2_Agla_2.0_cds_from_genomic.fna,3ed34ea18ffb57d77bfd55b1fed3f01f,127
/usr/local/i5k/media/blast/db/GCF_000390285.2_Agla_2.0_rna_from_genomic.fna,307835365c86a774565f3a85723d6edd,128
/usr/local/i5k/media/blast/db/GCF_000390285.2_Agla_2.0_translated_cds.faa,0afc3da426a61b606acfb251f2aed6e7,129
/usr/local/i5k/media/blast/db/GCF_000500325.1_Ldec_2.0_genomic.fna,f432768644841fd93c25135163c87727,130
/usr/local/i5k/media/blast/db/GCF_000500325.1_Ldec_2.0_protein.faa,c9c4e52ed3d4a864aa7ea728d90da1dd,131
/usr/local/i5k/media/blast/db/GCF_000500325.1_Ldec_2.0_rna.fna,d673fa196298d6fb0757b429722bedac,132
/usr/local/i5k/media/blast/db/GCF_000500325.1_Ldec_2.0_rna_from_genomic.fna,dea5444e1e97313823e2d2497612213d,133
/usr/local/i5k/media/blast/db/GCF_000500325.1_Ldec_2.0_translated_cds.faa,2220cea4e78f2269852781a9218298cf,134
/usr/local/i5k/media/blast/db/GCF_000599845.2_Tpre_2.0_cds_from_genomic.fna,6946a985b50158db1dfd6177d5ab894e,135
/usr/local/i5k/media/blast/db/GCF_000599845.2_Tpre_2.0_genomic.fna,6101be8a47eec9622d07c1cf6bf0d53d,136
/usr/local/i5k/media/blast/db/GCF_000599845.2_Tpre_2.0_rna_from_genomic.fna,94a48ace4106e0e9264a81c42cee3b4f,137
/usr/local/i5k/media/blast/db/GCF_000599845.2_Tpre_2.0_translated_cds.faa,e89141f2d124664456468c0a5f5dfa2a,138
/usr/local/i5k/media/blast/db/GCF_000612105.2_Oabi_2.0_cds_from_genomic.fna,ad688b201e693a333c33c5335201244f,139
/usr/local/i5k/media/blast/db/GCF_000612105.2_Oabi_2.0_genomic.fna,b7af675a05071d1e2deadbe91863a06d,140
/usr/local/i5k/media/blast/db/GCF_000612105.2_Oabi_2.0_rna_from_genomic.fna,2c64edacee9806b3615bed90152d6e4c,141
/usr/local/i5k/media/blast/db/GCF_000612105.2_Oabi_2.0_translated_cds.faa,d0878e76076ab4994d2e461e4cfe6b6f,142
/usr/local/i5k/media/blast/db/GCF_000648655.2_Cflo_2.0_cds_from_genomic.fna,bc3332e04094f1399a1dd72963a766c6,143
/usr/local/i5k/media/blast/db/GCF_000648655.2_Cflo_2.0_genomic.fna,5736f4a6109071e3a57be3c62a5d18e9,144
/usr/local/i5k/media/blast/db/GCF_000648655.2_Cflo_2.0_rna_from_genomic.fna,6ea971bd4665bed2a476a53356dfa536,145
/usr/local/i5k/media/blast/db/GCF_000648655.2_Cflo_2.0_translated_cds.faa,b86922a4cdeeccec9879281196d18060,146
/usr/local/i5k/media/blast/db/GCF_000648675.2_Clec_2.1_cds_from_genomic.fna,6bcc600e0ad68022c5a58f3dab576d90,147
/usr/local/i5k/media/blast/db/GCF_000648675.2_Clec_2.1_rna_from_genomic.fna,4b0a35863e1de5e4f1611483e3d597ec,148
/usr/local/i5k/media/blast/db/GCF_000648675.2_Clec_2.1_translated_cds.faa,850592908390792e214ae5785f4b8651,149
/usr/local/i5k/media/blast/db/GCF_000648695.1_Otau_2.0_cds_from_genomic.fna,98226a66eef0df50587da564a1598c0f,150
/usr/local/i5k/media/blast/db/GCF_000648695.1_Otau_2.0_genomic.fna,a26763f2976c751c2a9de3c9ef6660fd,151
/usr/local/i5k/media/blast/db/GCF_000648695.1_Otau_2.0_rna_from_genomic.fna,e4a2d40dc347b2ced9c930a90a0240bf,152
/usr/local/i5k/media/blast/db/GCF_000648695.1_Otau_2.0_translated_cds.faa,06ebe654ce985fddc950ba3003028ecb,153
/usr/local/i5k/media/blast/db/GCF_000671375.1_Cexi_2.0_cds_from_genomic.fna,b47e81acfb52dc4d6322c1a55899277b,154
/usr/local/i5k/media/blast/db/GCF_000671375.1_Cexi_2.0_genomic.fna,fd7d095a2eb18d45b81c6ab76c20d1a9,155
/usr/local/i5k/media/blast/db/GCF_000671375.1_Cexi_2.0_rna_from_genomic.fna,9976c66b97f21d925a5c3f6cff2ffc31,156
/usr/local/i5k/media/blast/db/GCF_000671375.1_Cexi_2.0_translated_cds.faa,95e7f273991e1ce967e881e3da7f8934,157
/usr/local/i5k/media/blast/db/GCF_000696795.1_Hhal_1.0_protein.faa,0cbe4485a995b8896ea113a58fb53f55,158
/usr/local/i5k/media/blast/db/GCF_000697945.3_Focc_3.1_cds_from_genomic.fna,646600a8d76ee7283b4e29533f1e0c8e,159
/usr/local/i5k/media/blast/db/GCF_000697945.3_Focc_3.1_genomic.fna,4d1af321f7762c8dce93872f75f24b3d,160
/usr/local/i5k/media/blast/db/GCF_000697945.3_Focc_3.1_rna_from_genomic.fna,49cafa2816d654fec183e1ce0f5a53e8,161
/usr/local/i5k/media/blast/db/GCF_000697945.3_Focc_3.1_translated_cds.faa,5278f3c4ef38415b952507b7c3c6fffd,162
/usr/local/i5k/media/blast/db/GCF_000699045.1_Apla_1.0_protein.faa,ce86ba4022eb7d1ab15c522076ba0526,163
/usr/local/i5k/media/blast/db/GCF_000699045.2_Apla_2.0_cds_from_genomic.fna,28707dd0d7691d4952a5e473dd83e2bb,164
/usr/local/i5k/media/blast/db/GCF_000699045.2_Apla_2.0_genomic.fna,c1710ef038e6a2d2094bfd14ec3c290c,165
/usr/local/i5k/media/blast/db/GCF_000699045.2_Apla_2.0_rna_from_genomic.fna,67582be51c1a00b7724c638f7c4116ee,166
/usr/local/i5k/media/blast/db/GCF_000699045.2_Apla_2.0_translated_cds.faa,135435dfaf7c322fd4e9cbeec1f33af7,167
/usr/local/i5k/media/blast/db/GCF_000764305.1_Hazt_2.0_translated_cds.faa,a2c35e05a06d4af82e8549e3b665c573,168
/usr/local/i5k/media/blast/db/GCF_000764305.2_Hazt_2.0.2_cds_from_genomic.fna,56c743a15eb51a4979e97a18c669df42,169
/usr/local/i5k/media/blast/db/GCF_000764305.2_Hazt_2.0.2_genomic.fna,4fb0a4146852ee596094822f3706333e,170
/usr/local/i5k/media/blast/db/GCF_000764305.2_Hazt_2.0.2_rna_from_genomic.fna,63dc7f6e9c580f1e8f634a0e44f75d29,171
/usr/local/i5k/media/blast/db/GCF_000764305.2_Hazt_2.0.2_translated_cds.faa,988da910a7ec5d6f1863e30aa1c1ab59,172
/usr/local/i5k/media/blast/db/GCF_001188975.3_MU_Boleae_v2_cds_from_genomic.fna,56fba7ca81b10fcf6b54816ffd825a1d,173
/usr/local/i5k/media/blast/db/GCF_001188975.3_MU_Boleae_v2_genomic.fna,cd3d954dc3b64b9412bf85f4fa150885,174
/usr/local/i5k/media/blast/db/GCF_001188975.3_MU_Boleae_v2_rna_from_genomic.fna,9d2d064b1520b8630f432e4e846ceb9f,175
/usr/local/i5k/media/blast/db/GCF_001188975.3_MU_Boleae_v2_translated_cds.faa,fe59f04063a9f9179818c6d5765375e6,176
/usr/local/i5k/media/blast/db/GCF_001412225.1_Nicve_v1.0_cds_from_genomic.fna,eb9fa095221351389b6faa69693ffe3e,177
/usr/local/i5k/media/blast/db/GCF_001412225.1_Nicve_v1.0_protein.faa,9c4a6efe967757e5049dc47e051b33d8,178
/usr/local/i5k/media/blast/db/GCF_001412225.1_Nicve_v1.0_rna_from_genomic.fna,77618761991aa4f9fa6be0c912872265,179
/usr/local/i5k/media/blast/db/GCF_001412225.1_Nicves_v1.0_genomic_RefSeqIDs.fna,ce29673a615f3d7ec7215b9c45fbef07,180
/usr/local/i5k/media/blast/db/GCF_001412515.1_Dall1.0_protein.faa,b6a1e3a6bdb4233433b8ce578e4b7ede,181
/usr/local/i5k/media/blast/db/GCF_001412515.2_Dall2.0_cds_from_genomic-idupdate.fna,882540b1a719444859ca8b7b5563a025,182
/usr/local/i5k/media/blast/db/GCF_001412515.2_Dall2.0_genomic.fna,062acade379426c8425df6a24b886043,183
/usr/local/i5k/media/blast/db/GCF_001412515.2_Dall2.0_rna_from_genomic-idupdate.fna,87beebc5334032c1b1e07bfd77f0d083,184
/usr/local/i5k/media/blast/db/GCF_001412515.2_Dall2.0_translated_cds-idupdate.faa,298fffecced4893da3ee776244b9b072,185
/usr/local/i5k/media/blast/db/GCF_001483705.1_ASM148370v1_translated_cds.faa,a85166e3476f510f12a7bc4e213644cd,186
/usr/local/i5k/media/blast/db/GCF_001483705.2_ASM148370v2_cds_from_genomic.fna,dfba2964510be3ff667a7540b9a3e15f,187
/usr/local/i5k/media/blast/db/GCF_001483705.2_ASM148370v2_genomic.fna,5767077a29ac5fa3f82327bef691a637,188
/usr/local/i5k/media/blast/db/GCF_001483705.2_ASM148370v2_rna_from_genomic.fna,b7eedb070372b0dfc28d17300a088d7f,189
/usr/local/i5k/media/blast/db/GCF_001483705.2_ASM148370v2_translated_cds.faa,56400f80ec04b2a37e23067f230a912e,190
/usr/local/i5k/media/blast/db/GCF_001687245.1_Rhagoletis_zephyria_1.0_cds_from_genomic.fna,f2b42a1ed8511108626ec40e9bdbc25f,191
/usr/local/i5k/media/blast/db/GCF_001687245.1_Rhagoletis_zephyria_1.0_genomic_RefSeqIDs.fna,8dc8dae825fe764ca8a3f0c1facfb0aa,192
/usr/local/i5k/media/blast/db/GCF_001687245.1_Rhagoletis_zephyria_1.0_protein.faa,ac72cd69dc5b4c68456fb12c37de8fc3,193
/usr/local/i5k/media/blast/db/GCF_001687245.1_Rhagoletis_zephyria_1.0_rna_from_genomic.fna,fca19d9405c7788f616b6d62c2a6c40d,194
/usr/local/i5k/media/blast/db/GCF_001854935.1_ASM185493v1_genomic.fna,8cd1ca3010e7159ea370abba292cbbbb,195
/usr/local/i5k/media/blast/db/GCF_001854935.1_ASM185493v1_protein.faa,636698f7c9d5f652a89ff44358e89a72,196
/usr/local/i5k/media/blast/db/GCF_001854935.1_ASM185493v1_rna.fna,6cab433193e1cc65babbd251f1513fd0,197
/usr/local/i5k/media/blast/db/GCF_001937115.1_Atum_1.0_genomic_RefSeqIDs.fna,e022a6b2c7292d7d3c9785e7eead495b,198
/usr/local/i5k/media/blast/db/GCF_001937115.1_Atum_1.0_protein.faa,d61c720365d87cac81122e60e1a888df,199
/usr/local/i5k/media/blast/db/GCF_001937115.1_Atum_1.0_rna_from_genomic.fna,67e7f02b028e021cf8e9871a1d049df7,200
/usr/local/i5k/media/blast/db/GCF_002443255.1_Vdes_3.0_cds_from_genomic.fna,9b97b129c688749bd520b15e469e5706,201
/usr/local/i5k/media/blast/db/GCF_002443255.1_Vdes_3.0_genomic.fna,61dec228af58cba51ede09325ed1f820,202
/usr/local/i5k/media/blast/db/GCF_002443255.1_Vdes_3.0_translated_cds.faa,b85139d26344b4b407264256d9cc0f2b,203
/usr/local/i5k/media/blast/db/GCF_002443255.2_Vdes_3.0_cds_from_genomic.fna,6314195de61e7c656038a385e95caabb,204
/usr/local/i5k/media/blast/db/GCF_002443255.2_Vdes_3.0_genomic.fna,fdbda792735b59b02e821e477aa99e45,205
/usr/local/i5k/media/blast/db/GCF_002443255.2_Vdes_3.0_rna_from_genomic.fna,3479399a0a8c9de7dd364986b563e0d0,206
/usr/local/i5k/media/blast/db/GCF_002443255.2_Vdes_3.0_translated_cds.faa,4a95e4efb6434b8c79558bd68b792b53,207
/usr/local/i5k/media/blast/db/GCF_002532875.1_vjacob_1.0_translated_cds.faa,064fb8ac9b2fdb2022e577fc6195c49b,208
/usr/local/i5k/media/blast/db/GCF_002532875.2_vjacob_1.0_cds_from_genomic.fna,bdfa8d1cbb7e85767158552e2613cc53,209
/usr/local/i5k/media/blast/db/GCF_002532875.2_vjacob_1.0_genomic.fna,31b068e955b1fe27a725bd2d675ccf92,210
/usr/local/i5k/media/blast/db/GCF_002532875.2_vjacob_1.0_rna_from_genomic.fna,bcf2fd8643d3c47c89852fc5b26bc5d4,211
/usr/local/i5k/media/blast/db/GCF_002532875.2_vjacob_1.0_translated_cds.faa,23fd9e3e9c402c73f5b1789cb9f51730,212
/usr/local/i5k/media/blast/db/GCF_003013835.1_Dvir_v2.0_cds_from_genomic-idupdate.fna,2cc969bbca00e7fca20ee43b69f69a2c,213
/usr/local/i5k/media/blast/db/GCF_003013835.1_Dvir_v2.0_genomic.fna,3f6453b267e5654319f450b37444caa4,214
/usr/local/i5k/media/blast/db/GCF_003013835.1_Dvir_v2.0_rna_from_genomic-idupdate.fna,30aca5a312f2190d45f3da8f3ce547b2,215
/usr/local/i5k/media/blast/db/GCF_003013835.1_Dvir_v2.0_translated_cds-idupdate.fna,80c7833cf9c900d279478a568abdae5f,216
/usr/local/i5k/media/blast/db/GCF_003013835.1_Dvir_v2.0_translated_cds.faa,1b4166a63d36b4884fbb0577f65d209d,217
/usr/local/i5k/media/blast/db/GCF_003254395.2_Amel_HAv3.1_cds_from_genomic.fna,1e2f9dcf87a762627eb17e4c58b7d108,218
/usr/local/i5k/media/blast/db/GCF_003254395.2_Amel_HAv3.1_genomic.fna,48e1bb3cde60a06d140621afc92b45d9,219
/usr/local/i5k/media/blast/db/GCF_003254395.2_Amel_HAv3.1_rna_from_genomic.fna,23f3657729ccd0e295e00511c6deaf3d,220
/usr/local/i5k/media/blast/db/GCF_003254395.2_Amel_HAv3.1_translated_cds.faa,84803cf048010c94827a94707751c33c,221
/usr/local/i5k/media/blast/db/GCF_003640425.2_ASM364042v2_translated_cds-idupdate.fa,bfecae7e7cb1147de2d6847cdde5179b,222
/usr/local/i5k/media/blast/db/GCF_005281655.2_TAMU_Nfulva_1.1_cds_from_genomic.fna,e533492c3f0b566bcf7ec85fec6fbb86,223
/usr/local/i5k/media/blast/db/GCF_005281655.2_TAMU_Nfulva_1.1_genomic.fna,b9192f0681b4dee25150322b784da080,224
/usr/local/i5k/media/blast/db/GCF_005281655.2_TAMU_Nfulva_1.1_rna_from_genomic.fna,2847b651d9b1c36a0f01ee483b561676,225
/usr/local/i5k/media/blast/db/GCF_005281655.2_TAMU_Nfulva_1.1_translated_cds.faa,e914a1e1a0bc874f002b5e3d806e0ca6,226
/usr/local/i5k/media/blast/db/GCF_007210705.1_Tcal_SD_v2.1_cds_from_genomic.fna,3341dbdc53bcb964e59b3e81ff1a68b4,227
/usr/local/i5k/media/blast/db/GCF_007210705.1_Tcal_SD_v2.1_genomic.fna,4d12d29e3513da7c5e86b393cf298ce5,228
/usr/local/i5k/media/blast/db/GCF_007210705.1_Tcal_SD_v2.1_rna_from_genomic.fna,77836fb7264f2e7eebf937152cb7af87,229
/usr/local/i5k/media/blast/db/GCF_007210705.1_Tcal_SD_v2.1_translated_cds.faa,d11fb9d19a4f79334901e373c79d6b72,230
/usr/local/i5k/media/blast/db/GCF_008802855.1_Ppyr1.3_cds_from_genomic-idupdate.fna,36bb50a7419b3168536ec94d59140ca9,231
/usr/local/i5k/media/blast/db/GCF_008802855.1_Ppyr1.3_genomic.fna,8cc70954d624f5e6842119022ce33170,232
/usr/local/i5k/media/blast/db/GCF_008802855.1_Ppyr1.3_rna_from_genomic-idupdate.fna,74cbc48b69fc44ae638482b716f2a39b,233
/usr/local/i5k/media/blast/db/GCF_008802855.1_Ppyr1.3_translated_cds-idupdate.faa,be7f453c9f78c6a5c544c6ed6d681204,234
/usr/local/i5k/media/blast/db/GCF_009176525.2_AAFC_CNas_1.1_cds_from_genomic-idupdate.fna,11e87b814a4abb756eaf223b692d1fe9,235
/usr/local/i5k/media/blast/db/GCF_009176525.2_AAFC_CNas_1.1_genomic.fna,ad71947b5f28c7180e0a19e6ba85419b,236
/usr/local/i5k/media/blast/db/GCF_009176525.2_AAFC_CNas_1.1_rna_from_genomic-idupdate.fna,5a013bb3af3527f88a418d8c0d35b3f6,237
/usr/local/i5k/media/blast/db/GCF_009176525.2_AAFC_CNas_1.1_translated_cds-idupdate.faa,01e4756525a60dbc3651e836c562a3ae,238
/usr/local/i5k/media/blast/db/GCF_010583005.1_Obru_v1_cds_from_genomic-idupdate.fna,2b75ef7d0215627d2506dd6e7c106021,239
/usr/local/i5k/media/blast/db/GCF_010583005.1_Obru_v1_genomic.fna,ec273c843c7b0f4aec9abaf7548a29c4,240
/usr/local/i5k/media/blast/db/GCF_010583005.1_Obru_v1_rna_from_genomic-idupdate.fna,f438b85d7bccd8dca0a391e933e96e95,241
/usr/local/i5k/media/blast/db/GCF_010583005.1_Obru_v1_translated_cds-idupdate.faa,b00ebf74ade63eb48a2654886fd58353,242
/usr/local/i5k/media/blast/db/GCF_012274295.1_USDA_OLig_1.0_cds_from_genomic-idupdate.fna,ee1c27f27cb0118e568d01eeda45098e,243
/usr/local/i5k/media/blast/db/GCF_012274295.1_USDA_OLig_1.0_genomic.fna,afb996df496a1b7153da000ebf2c7a7f,244
/usr/local/i5k/media/blast/db/GCF_012274295.1_USDA_OLig_1.0_rna_from_genomic-idupdate.fna,a5296bca98613f78d381f63662338257,245
/usr/local/i5k/media/blast/db/GCF_012274295.1_USDA_OLig_1.0_translated_cds-idupdate.faa,382d58716a9cc287ca3c15cc932831b9,246
/usr/local/i5k/media/blast/db/GCF_013339725.1_ASM1333972v1_cds_from_genomic.fna,42895772f654078d6907eaba84612bc3,247
/usr/local/i5k/media/blast/db/GCF_013339725.1_ASM1333972v1_genomic.fna,9167daef2792fe1e6d6a20d4032335ea,248
/usr/local/i5k/media/blast/db/GCF_013339725.1_ASM1333972v1_rna_from_genomic.fna,ea99f237a570b2a9755ebd3b14e7e380,249
/usr/local/i5k/media/blast/db/GCF_013339725.1_ASM1333972v1_translated_cds.faa,65c9e11a24238f1380bb498477a11773,250
/usr/local/i5k/media/blast/db/GCF_013357705.1_ASM1335770v1_cds_from_genomic-idupdate.fna,920676bd63b39de1acb189a883cbef82,251
/usr/local/i5k/media/blast/db/GCF_013357705.1_ASM1335770v1_genomic.fna,a603eb9c7598f32e9217e5fc250b8c98,252
/usr/local/i5k/media/blast/db/GCF_013357705.1_ASM1335770v1_rna_from_genomic-idupdate.fna,0a49c6bffc23bd88c6e135e3514eea0f,253
/usr/local/i5k/media/blast/db/GCF_013357705.1_ASM1335770v1_translated_cds-idupdate.faa,0d676db02a13640752fd33e0bccea03d,254
/usr/local/i5k/media/blast/db/GCF_014083535.2_V.mandarinia_Nanaimo_p1.0_cds_from_genomic.fna,e50c551782a06d2d949e627bd48e44d0,255
/usr/local/i5k/media/blast/db/GCF_014083535.2_V.mandarinia_Nanaimo_p1.0_genomic.fna,fba5d8ac9c4a323ab7f1b9636f437b37,256
/usr/local/i5k/media/blast/db/GCF_014083535.2_V.mandarinia_Nanaimo_p1.0_rna_from_genomic.fna,240740243fb13b15a6e7ad941ac440ba,257
/usr/local/i5k/media/blast/db/GCF_014083535.2_V.mandarinia_Nanaimo_p1.0_translated_cds.faa,01c06bfe9961a6beabaeca920aca3ad9,258
/usr/local/i5k/media/blast/db/GCF_014529535.1_BU_Bcop_v1_cds_from_genomic.fna,c52eb8b0c2db0d79c31765b90a9fc555,259
/usr/local/i5k/media/blast/db/GCF_014529535.1_BU_Bcop_v1_genomic.fna,2553537805c703f062db28e9ae30935f,260
/usr/local/i5k/media/blast/db/GCF_014529535.1_BU_Bcop_v1_rna_from_genomic.fna,afec1670ce9a1d860c16a3d6644d59fa,261
/usr/local/i5k/media/blast/db/GCF_014529535.1_BU_Bcop_v1_translated_cds.faa,80c7d3f99876d620bfc30ddd0e21a533,262
/usr/local/i5k/media/blast/db/GCF_014839805.1_JHU_Msex_v1.0_cds_from_genomic-idupdate.fna,731b2dca30ee6ef7f6ace210289b2e8f,263
/usr/local/i5k/media/blast/db/GCF_014839805.1_JHU_Msex_v1.0_genomic.fna,86af2cd691f8c106389aba1bf96c406f,264
/usr/local/i5k/media/blast/db/GCF_014839805.1_JHU_Msex_v1.0_rna_from_genomic-idupdate.fna,863adbca42e654a708fc8d1ce39e41f4,265
/usr/local/i5k/media/blast/db/GCF_014839805.1_JHU_Msex_v1.0_translated_cds-idupdate.faa,20de33f771a7efec0095586510258f87,266
/usr/local/i5k/media/blast/db/GCF_015345945.1_Tmad_KSU_1.1_cds_from_genomic.fna,e6d6fa5a42b2f6bad5025b3dc75eae83,267
/usr/local/i5k/media/blast/db/GCF_015345945.1_Tmad_KSU_1.1_genomic.fna,7e9a9611c3ce7315859621e7013ebf1a,268
/usr/local/i5k/media/blast/db/GCF_015345945.1_Tmad_KSU_1.1_rna_from_genomic.fna,16e20cafdd0a42d907ab56d405622045,269
/usr/local/i5k/media/blast/db/GCF_015345945.1_Tmad_KSU_1.1_translated_cds.faa,5213c14b9e818517c6a58c12ef8ae43a,270
/usr/local/i5k/media/blast/db/GCF_015586225.1_ASM1558622v1_cds_from_genomic-idupdate.fna,06aebb75a1753f2a17d548af0053d366,271
/usr/local/i5k/media/blast/db/GCF_015586225.1_ASM1558622v1_genomic.fna,9015643e5ffd377f5a538b99fd4e7398,272
/usr/local/i5k/media/blast/db/GCF_015586225.1_ASM1558622v1_rna_from_genomic-idupdate.fna,08f283a727d3f508fe4e2ec24ecaf3fb,273
/usr/local/i5k/media/blast/db/GCF_015586225.1_ASM1558622v1_translated_cds-idupdate.faa,247bba2445cdf76eef4356606f517271,274
/usr/local/i5k/media/blast/db/GCF_018148935.1_ASM1814893v1_translated_cds.faa,a400be14f3c3e80e57d71047fcad575f,275
/usr/local/i5k/media/blast/db/GCF_018152115.1_ASM1815211v1_cds_from_genomic-idupdate.fna,c50bc3d2963f54b4144ac49f18709814,276
/usr/local/i5k/media/blast/db/GCF_018152115.1_ASM1815211v1_genomic.fna,9fb613949a80efc37c95a4ec485a87bf,277
/usr/local/i5k/media/blast/db/GCF_018152115.1_ASM1815211v1_rna_from_genomic-idupdate.fna,eea5345e81831afa5bc9184aa02939ce,278
/usr/local/i5k/media/blast/db/GCF_018152115.1_ASM1815211v1_translated_cds-idupdate.faa,e20cc442d22613c2d4bba42fc1a40b66,279
/usr/local/i5k/media/blast/db/GCF_018152265.1_ASM1815226v1_cds_from_genomic.fna,da8b750772e7509c5ebd81c89c73e24a,280
/usr/local/i5k/media/blast/db/GCF_018152265.1_ASM1815226v1_genomic.fna,31f4f89e2d19c9306113a3e44035d9ad,281
/usr/local/i5k/media/blast/db/GCF_018152265.1_ASM1815226v1_rna_from_genomic.fna,f0ba2ddb18592f56ff0fba46b52b3ebb,282
/usr/local/i5k/media/blast/db/GCF_018152265.1_ASM1815226v1_translated_cds.faa,92229797c7b4902f5ae9a67598b225e4,283
/usr/local/i5k/media/blast/db/GCF_018152505.1_ASM1815250v1_cds_from_genomic.fna,66ea39a2cfe8234924711ae5e85431ea,284
/usr/local/i5k/media/blast/db/GCF_018152505.1_ASM1815250v1_genomic.fna,f46b4a18f93e71aec5f1f0b32a8a8927,285
/usr/local/i5k/media/blast/db/GCF_018152505.1_ASM1815250v1_rna_from_genomic.fna,a7b1d2487e02d71929d009dfe34617a7,286
/usr/local/i5k/media/blast/db/GCF_018152505.1_ASM1815250v1_translated_cds.faa,b7e184f606f6c4cb4a27c92f6ba078f5,287
/usr/local/i5k/media/blast/db/GCF_018152535.1_ASM1815253v1_cds_from_genomic.fna,5828cf39eafe1b203ac5ffdae25a0510,288
/usr/local/i5k/media/blast/db/GCF_018152535.1_ASM1815253v1_genomic.fna,1097b68995d01794191349d5da901de1,289
/usr/local/i5k/media/blast/db/GCF_018152535.1_ASM1815253v1_rna_from_genomic.fna,4132bd1434fb7f61b6063f8304dd5d8b,290
/usr/local/i5k/media/blast/db/GCF_018152535.1_ASM1815253v1_translated_cds.faa,f3433ca5db3ac2e51cec6d49d6920a31,291
/usr/local/i5k/media/blast/db/GCF_018152695.1_ASM1815269v1_cds_from_genomic-idupdate.fna,f6081043701572c867ed3294a7946883,292
/usr/local/i5k/media/blast/db/GCF_018152695.1_ASM1815269v1_genomic.fna,e92bbbba9ae89b4c0dfc22368e1097e2,293
/usr/local/i5k/media/blast/db/GCF_018152695.1_ASM1815269v1_rna_from_genomic-idupdate.fna,5e0b01f302fb0edd3807422c3af7699f,294
/usr/local/i5k/media/blast/db/GCF_018152695.1_ASM1815269v1_translated_cds-idupdate.faa,1ecead770b39d07fca098f73e585740c,295
/usr/local/i5k/media/blast/db/GCF_018153835.1_ASM1815383v1_cds_from_genomic.fna,43b597f4494a4768e25c0be9676e403f,296
/usr/local/i5k/media/blast/db/GCF_018153835.1_ASM1815383v1_genomic.fna,0e05be6b478fed8f448338d3a5f37748,297
/usr/local/i5k/media/blast/db/GCF_018153835.1_ASM1815383v1_rna_from_genomic.fna,31ee269094429a83eb6621297fe552a2,298
/usr/local/i5k/media/blast/db/GCF_018153835.1_ASM1815383v1_translated_cds.faa,191da5dc10ea1a1411721a3b0e47dc68,299
/usr/local/i5k/media/blast/db/GCF_018153845.1_ASM1815384v1_cds_from_genomic.fna,2b0a4731cc9bbf6a3e7d8aa8d750d3a5,300
/usr/local/i5k/media/blast/db/GCF_018153845.1_ASM1815384v1_genomic.fna,fb8b88c9fa2e4d51c7cfb8aeac7d50ac,301
/usr/local/i5k/media/blast/db/GCF_018153845.1_ASM1815384v1_rna_from_genomic.fna,bf0ec73964acd718cc03f5c9cbe227f2,302
/usr/local/i5k/media/blast/db/GCF_018153845.1_ASM1815384v1_translated_cds.faa,2e6f8e49dc86eb0a6ec9f4052faf4da4,303
/usr/local/i5k/media/blast/db/GCF_019457755.1_ASM1945775v1_cds_from_genomic.fna,7e4ba58c06c2eb8235f493d00c0f8bd7,304
/usr/local/i5k/media/blast/db/GCF_019457755.1_ASM1945775v1_genomic.fna,04d76d9b3f435737c2b4b1df2334427e,305
/usr/local/i5k/media/blast/db/GCF_019457755.1_ASM1945775v1_rna_from_genomic.fna,b0d8b36f29e0b93661a0b20a10b448d2,306
/usr/local/i5k/media/blast/db/GCF_019457755.1_ASM1945775v1_translated_cds.faa,cc9370bd66ea1b3ddd4cb09838ad90ba,307
/usr/local/i5k/media/blast/db/GCF_021155765.1_iyDipSimi1.1_cds_from_genomic.fna,3f16f2d6d66e9563c92d2750a2ca0755,308
/usr/local/i5k/media/blast/db/GCF_021155765.1_iyDipSimi1.1_genomic.fna,83b45f8c32d33aba82da056fd7f4037a,309
/usr/local/i5k/media/blast/db/GCF_021155765.1_iyDipSimi1.1_rna_from_genomic.fna,0eacaf93025143655633be386316f794,310
/usr/local/i5k/media/blast/db/GCF_021155765.1_iyDipSimi1.1_translated_cds.faa,ba29d9bb7508c2310e4ecad1fc82bbe4,311
/usr/local/i5k/media/blast/db/GCF_021155775.1_iyNeoPine1.1_cds_from_genomic.fna,2a9057d92356eb0ad6dd26bd5e0a6868,312
/usr/local/i5k/media/blast/db/GCF_021155775.1_iyNeoPine1.1_genomic.fna,116a1be7c845fd93d8104d79e2821f77,313
/usr/local/i5k/media/blast/db/GCF_021155775.1_iyNeoPine1.1_rna_from_genomic.fna,0df6f3a45def6d6da5ab7a0958f3d68c,314
/usr/local/i5k/media/blast/db/GCF_021155775.1_iyNeoPine1.1_translated_cds.faa,a40e3c0caeb0e0a017408a448c99fd47,315
/usr/local/i5k/media/blast/db/GCF_021155785.1_iyNeoFabr1.1_cds_from_genomic.fna,98207083a424d6bde1be3b3695f0662a,316
/usr/local/i5k/media/blast/db/GCF_021155785.1_iyNeoFabr1.1_genomic.fna,e92b4ec6e7bb14150d37d56d74291955,317
/usr/local/i5k/media/blast/db/GCF_021155785.1_iyNeoFabr1.1_rna_from_genomic.fna,cd04aad00b01103e29c8f908dd9f06b8,318
/usr/local/i5k/media/blast/db/GCF_021155785.1_iyNeoFabr1.1_translated_cds.faa,7854df3f053532c1e33a050ee07cd674,319
/usr/local/i5k/media/blast/db/GCF_021461385.2_iqSchPice1.1_cds_from_genomic.fna,4bbc21a30625f94d44721cced65094a6,320
/usr/local/i5k/media/blast/db/GCF_021461385.2_iqSchPice1.1_protein.faa,78642ea2bc69bb7e899849b8c0a4a5ec,321
/usr/local/i5k/media/blast/db/GCF_021461385.2_iqSchPice1.1_rna.fna,c11d029922be1a8f3299ef4d5c1846f4,322
/usr/local/i5k/media/blast/db/GCF_021461385.2_iqSchPice1.1_translated_cds.faa,fc6fb82257631bf83b5a1d4063be188b,323
/usr/local/i5k/media/blast/db/GCF_021461395.2_iqSchAmer2.1_cds_from_genomic.fna,ec28b4710d525ecd65d283034bfdff71,324
/usr/local/i5k/media/blast/db/GCF_021461395.2_iqSchAmer2.1_protein.faa,aa0ab666f2a564ac4eef2d1b5f7b231d,325
/usr/local/i5k/media/blast/db/GCF_021461395.2_iqSchAmer2.1_rna.fna,d6d80dfffb0f8a3dee60a097eef00019,326
/usr/local/i5k/media/blast/db/GCF_021461395.2_iqSchAmer2.1_translated_cds.faa,c217ce58ebcf1cdd82465d3c80ee2b6e,327
/usr/local/i5k/media/blast/db/GCF_021901455.1_iyNeoLeco1.1_cds_from_genomic.fna,3a7cb1c31ecdf0d4a35a96db6d19c8f4,328
/usr/local/i5k/media/blast/db/GCF_021901455.1_iyNeoLeco1.1_genomic.fna,cbdaa522ac5adf88e6dd145a54272424,329
/usr/local/i5k/media/blast/db/GCF_021901455.1_iyNeoLeco1.1_rna_from_genomic.fna,408cf30bd556c928d0ae52e50ad598b5,330
/usr/local/i5k/media/blast/db/GCF_021901455.1_iyNeoLeco1.1_translated_cds.faa,40d9877c3729879dc728e8d125c88532,331
/usr/local/i5k/media/blast/db/GCF_021901495.1_iyNeoVirg1.1_cds_from_genomic.fna,cdf0cfe9f13b359c8f54973edeab8d41,332
/usr/local/i5k/media/blast/db/GCF_021901495.1_iyNeoVirg1.1_genomic.fna,eead9caf5c7d0fc5a67d1d40a860cacb,333
/usr/local/i5k/media/blast/db/GCF_021901495.1_iyNeoVirg1.1_rna_from_genomic.fna,908c5fc93ced4e44422c8406e097de70,334
/usr/local/i5k/media/blast/db/GCF_021901495.1_iyNeoVirg1.1_translated_cds.faa,20527d8e9e1bb51b00191841ba04cab3,335
/usr/local/i5k/media/blast/db/GCF_022581195.2_ilHelZeax1.1_cds_from_genomic.fna,efa4f39f3ec47e95a3d5d5492552904f,336
/usr/local/i5k/media/blast/db/GCF_022581195.2_ilHelZeax1.1_genomic.fna,02911e5a059cf639f44b5fba93f0fec9,337
/usr/local/i5k/media/blast/db/GCF_022581195.2_ilHelZeax1.1_rna_from_genomic.fna,0f391538594c72b04c569b8e7f77da21,338
/usr/local/i5k/media/blast/db/GCF_022581195.2_ilHelZeax1.1_translated_cds.faa,449822b148ef8d5c406686541809f5ee,339
/usr/local/i5k/media/blast/db/GCF_022605725.1_icAntGran1.3_cds_from_genomic.fna,936d08896732fa92970988a76a777149,340
/usr/local/i5k/media/blast/db/GCF_022605725.1_icAntGran1.3_genomic.fna,417918029eb89b4ac47c48d6a6cbbc1a,341
/usr/local/i5k/media/blast/db/GCF_022605725.1_icAntGran1.3_rna_from_genomic.fna,553bafff3976bcf7672217eb4560bbef,342
/usr/local/i5k/media/blast/db/GCF_022605725.1_icAntGran1.3_translated_cds.faa,8ea8996718815532bc354dee75c6cbc6,343
/usr/local/i5k/media/blast/db/GCF_023078275.1_LegGlyc_1.1_cds_from_genomic.fna,9edc748e53fdab26a67e81f2aa9b5d98,344
/usr/local/i5k/media/blast/db/GCF_023078275.1_LegGlyc_1.1_genomic.fna,8e2eda7e0ced105928a52c46943bf139,345
/usr/local/i5k/media/blast/db/GCF_023078275.1_LegGlyc_1.1_rna_from_genomic.fna,cb79dc3cd289c07fc60114882b7b241d,346
/usr/local/i5k/media/blast/db/GCF_023078275.1_LegGlyc_1.1_translated_cds.faa,ddce3e2ae97071f1830d6184f69d21a5,347
/usr/local/i5k/media/blast/db/GCF_023373825.1_ASM2337382v1_cds_from_genomic.fna,74d2445074f68f47f7c2d80dc56c010c,348
/usr/local/i5k/media/blast/db/GCF_023373825.1_ASM2337382v1_genomic.fna,8e0c3c618b95a355b12e97e42b79b67f,349
/usr/local/i5k/media/blast/db/GCF_023373825.1_ASM2337382v1_rna_from_genomic.fna,755c9b2499e9f8980bffa10a2270ed64,350
/usr/local/i5k/media/blast/db/GCF_023373825.1_ASM2337382v1_translated_cds.faa,90c49bc8341a3672638949e3d1616512,351
/usr/local/i5k/media/blast/db/GCF_023375885.1_qqDerAnde1.2_cds_from_genomic.fna,a79aaa43a9ef1544f3dc4a10dd7f7028,352
/usr/local/i5k/media/blast/db/GCF_023375885.1_qqDerAnde1.2_genomic.fna,8856703de6901c13b060e69c23cc8964,353
/usr/local/i5k/media/blast/db/GCF_023375885.1_qqDerAnde1.2_rna_from_genomic.fna,a0f89ed6d245228de148631e53adbddf,354
/usr/local/i5k/media/blast/db/GCF_023375885.1_qqDerAnde1.2_translated_cds.faa,26d698c1852cca4d325a4e12a3d93af7,355
/usr/local/i5k/media/blast/db/GCF_023864275.1_iqSchCanc2.1_protein.faa,92aa09dfde5bf98896304ac2d8204e4b,356
/usr/local/i5k/media/blast/db/GCF_023864275.1_iqSchCanc2.1_rna.fna,518f26ddd153433e10f35d0a46712ca5,357
/usr/local/i5k/media/blast/db/GCF_023864275.1_iqSchCanc2.1_rna_from_genomic.fna,17b27eed93a597a0e85c4a4ce6b1c851,358
/usr/local/i5k/media/blast/db/GCF_023864345.2_iqSchSeri2.2_cds_from_genomic.fna,c35e59633605f7560dfb08214865c087,359
/usr/local/i5k/media/blast/db/GCF_023864345.2_iqSchSeri2.2_protein.faa,51fd2dad49031bae136a0f2b6206ff0a,360
/usr/local/i5k/media/blast/db/GCF_023864345.2_iqSchSeri2.2_rna.fna,ad6ebe2450d540b110c52fca4c0f9bae,361
/usr/local/i5k/media/blast/db/GCF_023897955.1_iqSchGreg1.2_cds_from_genomic.fna,e538b65070cfefa8aa75b5573809c6e6,362
/usr/local/i5k/media/blast/db/GCF_023897955.1_iqSchGreg1.2_protein.faa,74485070c3828335ab4993d17992839a,363
/usr/local/i5k/media/blast/db/GCF_023897955.1_iqSchGreg1.2_rna.fna,67ee71593fc5025eb47755c4507866c2,364
/usr/local/i5k/media/blast/db/GCF_023898315.1_iqSchNite1.1_cds_from_genomic.fna,caaaa9575db2e6e2d9a46471ccc93d65,365
/usr/local/i5k/media/blast/db/GCF_023898315.1_iqSchNite1.1_protein.faa,90ced053c13d64d16725477803534952,366
/usr/local/i5k/media/blast/db/GCF_023898315.1_iqSchNite1.1_rna.fna,ca8d00fb8bd724d69e5480cb8d953b3d,367
/usr/local/i5k/media/blast/db/GCF_024362695.1_ilPecGoss1.1_cds_from_genomic.fna,d13e1a9392964430f88fde3431a7b3a3,368
/usr/local/i5k/media/blast/db/GCF_024362695.1_ilPecGoss1.1_genomic.fna,d15ee562ea87dcea98021002b1ea9363,369
/usr/local/i5k/media/blast/db/GCF_024362695.1_ilPecGoss1.1_rna_from_genomic.fna,e22b95ea5afeeb9026af7a5410c340f4,370
/usr/local/i5k/media/blast/db/GCF_024362695.1_ilPecGoss1.1_translated_cds.faa,55d2fc0ecffbbf1af9d2f72c46d1d7fa,371
/usr/local/i5k/media/blast/db/GCF_024364675.1_icAetTumi1.1_cds_from_genomic.fna,fadf2075f540ef40e8215d459d0e3b81,372
/usr/local/i5k/media/blast/db/GCF_024364675.1_icAetTumi1.1_genomic.fna,341c9d5af6da9b661526bb442e0f04e3,373
/usr/local/i5k/media/blast/db/GCF_024364675.1_icAetTumi1.1_rna_from_genomic.fna,5d3c7726f59e36d61f1af65b5174d11e,374
/usr/local/i5k/media/blast/db/GCF_024364675.1_icAetTumi1.1_translated_cds.faa,a3bae64d5584cbf232c5a0745613801f,375
/usr/local/i5k/media/blast/db/GCF_024516045.1_iyBomAffi1.2_cds_from_genomic.fna,de1825dbc005fff177baf8b7e94f4b48,376
/usr/local/i5k/media/blast/db/GCF_024516045.1_iyBomAffi1.2_genomic.fna,a021fd6a0f3b28709ac29666d7c65441,377
/usr/local/i5k/media/blast/db/GCF_024516045.1_iyBomAffi1.2_rna_from_genomic.fna,61246e0c3df9f7e0b9e99d43dbeaa60c,378
/usr/local/i5k/media/blast/db/GCF_024516045.1_iyBomAffi1.2_translated_cds.faa,9b244286d7351bcb4add859dff18f978,379
/usr/local/i5k/media/blast/db/GCF_024542735.1_iyBomHunt1.1_cds_from_genomic.fna,8b1cc13788e866f82deeafc6851f523e,380
/usr/local/i5k/media/blast/db/GCF_024542735.1_iyBomHunt1.1_genomic.fna,e30ae54ab2d1035b9d1469776f895c95,381
/usr/local/i5k/media/blast/db/GCF_024542735.1_iyBomHunt1.1_rna_from_genomic.fna,ab52c3c59314ba295f5fea03043d0c3b,382
/usr/local/i5k/media/blast/db/GCF_024542735.1_iyBomHunt1.1_translated_cds.faa,d7e24cd1b68889abc51ee50fecfa4abb,383
/usr/local/i5k/media/blast/db/GCF_025231255.1_RU_DBia_V1.1_cds_from_genomic.fna,411f4678cc111d96d056e9c31977265e,384
/usr/local/i5k/media/blast/db/GCF_025231255.1_RU_DBia_V1.1_genomic.fna,8ad8a9760dab8a6d50a0c0079647e003,385
/usr/local/i5k/media/blast/db/GCF_025231255.1_RU_DBia_V1.1_rna_from_genomic.fna,5af299481eb10b8c38539d137a290f42,386
/usr/local/i5k/media/blast/db/GCF_025231255.1_RU_DBia_V1.1_translated_cds.faa,c55509747e9c1d3f066f3e50be1c8aa9,387
/usr/local/i5k/media/blast/db/GCF_026212275.2_iyMicDemo2.1a_cds_from_genomic.fna,eea2930ab9ed385ce7c61e74a4baf2e4,388
/usr/local/i5k/media/blast/db/GCF_026212275.2_iyMicDemo2.1a_genomic.fna,72ee9c63f8f738693086bb13bff4de84,389
/usr/local/i5k/media/blast/db/GCF_026212275.2_iyMicDemo2.1a_rna_from_genomic.fna,ea68c56c6344afa2a8ccb369896ef48f,390
/usr/local/i5k/media/blast/db/GCF_026212275.2_iyMicDemo2.1a_translated_cds.faa,2b628a872a1658f4cd231f9134bb4d5e,391
/usr/local/i5k/media/blast/db/GCF_026225885.1_UHH_iyHylAnth1.0_haploid_cds_from_genomic.fna,1edc563cdfae6f49b3a367f1c890e498,392
/usr/local/i5k/media/blast/db/GCF_026225885.1_UHH_iyHylAnth1.0_haploid_genomic.fna,5c7a6351db73e3e3a5b7a1a5184cba9b,393
/usr/local/i5k/media/blast/db/GCF_026225885.1_UHH_iyHylAnth1.0_haploid_rna_from_genomic.fna,77c3ccebfe397839f03fd337fe144c7e,394
/usr/local/i5k/media/blast/db/GCF_026225885.1_UHH_iyHylAnth1.0_haploid_translated_cds.faa,96c979f74a34b808834983e14ddbd288,395
/usr/local/i5k/media/blast/db/GCF_026230105.1_icDioSubl1.1_cds_from_genomic.fna,0f0094ffa21d8022af6c892fe10cd784,396
/usr/local/i5k/media/blast/db/GCF_026230105.1_icDioSubl1.1_genomic.fna,e5dfefcea74f449749da5d626b3453da,397
/usr/local/i5k/media/blast/db/GCF_026230105.1_icDioSubl1.1_rna_from_genomic.fna,4d1c2b7f602905ad423c52ba5e7d302e,398
/usr/local/i5k/media/blast/db/GCF_026230105.1_icDioSubl1.1_translated_cds.faa,db04825be367472de99801024c377705,399
/usr/local/i5k/media/blast/db/GCF_026250575.1_icDioCari1.1_cds_from_genomic.fna,8ae7012ad4ef0725183b4c71d0ab2758,400
/usr/local/i5k/media/blast/db/GCF_026250575.1_icDioCari1.1_genomic.fna,c2262d144728a195e0774fa705ca990b,401
/usr/local/i5k/media/blast/db/GCF_026250575.1_icDioCari1.1_rna_from_genomic.fna,3b5c3152507b687f4989b48884b2e667,402
/usr/local/i5k/media/blast/db/GCF_026250575.1_icDioCari1.1_translated_cds.faa,281964cfb5f3ef73cbb082d3bcef8694,403
/usr/local/i5k/media/blast/db/GCF_026283585.1_UHH_iyHylVolc1.0_haploid_cds_from_genomic.fna,c88a2214f2e67db8328ac12acaa3b15f,404
/usr/local/i5k/media/blast/db/GCF_026283585.1_UHH_iyHylVolc1.0_haploid_genomic.fna,843d54029695cfbadac55fe4a9e3978c,405
/usr/local/i5k/media/blast/db/GCF_026283585.1_UHH_iyHylVolc1.0_haploid_rna_from_genomic.fna,6c081a0c7a227737fda65c461f4b01ed,406
/usr/local/i5k/media/blast/db/GCF_026283585.1_UHH_iyHylVolc1.0_haploid_translated_cds.faa,c33ff5ff10481b07345e55bebf2a4fe1,407
/usr/local/i5k/media/blast/db/GCF_026898425.1_CSIRO_AGI_GalMel_v1_cds_from_genomic.fna,ff2fae70a4804792f05bf0a5b05a857e,408
/usr/local/i5k/media/blast/db/GCF_026898425.1_CSIRO_AGI_GalMel_v1_genomic.fna,b6c256edf48f3fc318f962218a50d463,409
/usr/local/i5k/media/blast/db/GCF_026898425.1_CSIRO_AGI_GalMel_v1_rna_from_genomic.fna,599a3271a1bb2c824a602cbb0054c58f,410
/usr/local/i5k/media/blast/db/GCF_026898425.1_CSIRO_AGI_GalMel_v1_translated_cds.faa,8144595d71e36450aa2bafdc8c87ac52,411
/usr/local/i5k/media/blast/db/GCF_027563975.1_ilPloInte3.1_translated_cds.faa,d12f197a31ab37a17c8f5e693a9db963,412
/usr/local/i5k/media/blast/db/GCF_027563975.2_ilPloInte3.2_cds_from_genomic.fna,bda4df666105f6ba9d2a098b7cef6259,413
/usr/local/i5k/media/blast/db/GCF_027563975.2_ilPloInte3.2_genomic.fna,018acca98dee252660b9b33648db22c4,414
/usr/local/i5k/media/blast/db/GCF_027563975.2_ilPloInte3.2_rna_from_genomic.fna,f37d070e0e1878e20e095c48c9ee15c9,415
/usr/local/i5k/media/blast/db/GCF_027563975.2_ilPloInte3.2_translated_cds.faa,2c564ba7019d2c6dc029c405663f2c62,416
/usr/local/i5k/media/blast/db/GCF_027943255.1_idAnaObli1_1.0_cds_from_genomic.fna,168339f8b3f19c418f5a4e4276e5a887,417
/usr/local/i5k/media/blast/db/GCF_027943255.1_idAnaObli1_1.0_genomic.fna,b2c189cc369dc34c1fc4e51483d28325,418
/usr/local/i5k/media/blast/db/GCF_027943255.1_idAnaObli1_1.0_rna_from_genomic.fna,365849bef12e3f3a00131f6777da215e,419
/usr/local/i5k/media/blast/db/GCF_027943255.1_idAnaObli1_1.0_translated_cds.faa,9e4d71283a1a4515885ada3088555a04,420
/usr/local/i5k/media/blast/db/GCF_028408465.1_idAnaLude1.1_cds_from_genomic.fna,5a02756d7ad9ad06d4b1fe84e9383f3a,421
/usr/local/i5k/media/blast/db/GCF_028408465.1_idAnaLude1.1_genomic.fna,93772fab30a90767c86d595f65fcb369,422
/usr/local/i5k/media/blast/db/GCF_028408465.1_idAnaLude1.1_rna_from_genomic.fna,5a467f2db92bddcf170d8376b5e9583c,423
/usr/local/i5k/media/blast/db/GCF_028408465.1_idAnaLude1.1_translated_cds.faa,7050c23cc189d332583867f9dd23e631,424
/usr/local/i5k/media/blast/db/GCF_028554725.1_idZeuCucr1.2_cds_from_genomic.fna,ca60536c322a7d6d5909aa730555a0d2,425
/usr/local/i5k/media/blast/db/GCF_028554725.1_idZeuCucr1.2_genomic.fna,70179032bf7624a34cdc1a6b2492f6a5,426
/usr/local/i5k/media/blast/db/GCF_028554725.1_idZeuCucr1.2_rna_from_genomic.fna,dc4f3478aff12b250e1809cfc877e2c9,427
/usr/local/i5k/media/blast/db/GCF_028554725.1_idZeuCucr1.2_translated_cds.faa,62aff0dfedcce1a545d221033a941e9e,428
/usr/local/i5k/media/blast/db/GCF_029852145.1_iyMicMedi2.1_cds_from_genomic.fna,09ba90f33d442f5835de6741f51140f8,429
/usr/local/i5k/media/blast/db/GCF_029852145.1_iyMicMedi2.1_genomic.fna,14ae30cdef20632fdc786fc0c9bea115,430
/usr/local/i5k/media/blast/db/GCF_029852145.1_iyMicMedi2.1_rna_from_genomic.fna,31bcf3282941d5c2e7db2bf5ef470918,431
/usr/local/i5k/media/blast/db/GCF_029852145.1_iyMicMedi2.1_translated_cds.faa,cb5b4fa0b488b1a6aedd47aa9150005a,432
/usr/local/i5k/media/blast/db/GCF_029955315.1_icCylForm1.1_cds_from_genomic.fna,23a548608f028ce1090d46be8996c37c,433
/usr/local/i5k/media/blast/db/GCF_029955315.1_icCylForm1.1_genomic.fna,4642b8b002069a4d1678f33f2d95a79f,434
/usr/local/i5k/media/blast/db/GCF_029955315.1_icCylForm1.1_rna_from_genomic.fna,0aef6e532a3d1006a8567f84e9a5f3a8,435
/usr/local/i5k/media/blast/db/GCF_029955315.1_icCylForm1.1_translated_cds.faa,4f87d4860462f7f92eac8df5ef273f7e,436
/usr/local/i5k/media/blast/db/GCF_031307605.1_icTriCast1.1_cds_from_genomic.fna,9d84f0c932769f7db3fd73eac1a56fdb,437
/usr/local/i5k/media/blast/db/GCF_031307605.1_icTriCast1.1_genomic.fna,2a5b57bf2bb3a1f79ae9c36b9529b8b4,438
/usr/local/i5k/media/blast/db/GCF_031307605.1_icTriCast1.1_rna_from_genomic.fna,29b85024072f340ac58af10658ff40fd,439
/usr/local/i5k/media/blast/db/GCF_031307605.1_icTriCast1.1_translated_cds.faa,c4dad953ba2cc163237847420efcdedc,440
/usr/local/i5k/media/blast/db/GCF_032362555.1_ilAmyTran1.1_cds_from_genomic.fna,2f372bf9c6aff282193166c6ac20fdae,441
/usr/local/i5k/media/blast/db/GCF_032362555.1_ilAmyTran1.1_genomic.fna,5b11a67aafea5bd9eab17500c3b23223,442
/usr/local/i5k/media/blast/db/GCF_032362555.1_ilAmyTran1.1_rna_from_genomic.fna,7d66fea2dc32ef48fe9c25ac48f77837,443
/usr/local/i5k/media/blast/db/GCF_032362555.1_ilAmyTran1.1_translated_cds.faa,f0ad70ce326b5003512f3afd4ae32d4b,444
/usr/local/i5k/media/blast/db/GCF_033807575.1_ilCydPomo1_cds_from_genomic.fna,83fb81ecfa9b1a137d0af64174360dcc,445
/usr/local/i5k/media/blast/db/GCF_033807575.1_ilCydPomo1_genomic.fna,2349e7ddd11d3a0905484fdad35a43d9,446
/usr/local/i5k/media/blast/db/GCF_033807575.1_ilCydPomo1_rna_from_genomic.fna,a1088f1a455ad554de5d159d6b9a9221,447
/usr/local/i5k/media/blast/db/GCF_033807575.1_ilCydPomo1_translated_cds.faa,e57ac475141b5b79025fbff3474554f8,448
/usr/local/i5k/media/blast/db/GCF_034640455.1_iyDiaLong2_cds_from_genomic.fna,351159d9032ac44a5d943e2038186cce,449
/usr/local/i5k/media/blast/db/GCF_034640455.1_iyDiaLong2_genomic.fna,4f8010eebbdeba18f7f576946854e714,450
/usr/local/i5k/media/blast/db/GCF_034640455.1_iyDiaLong2_rna_from_genomic.fna,8b56af4caef5a41ca986513004285030,451
/usr/local/i5k/media/blast/db/GCF_034640455.1_iyDiaLong2_translated_cds.faa,54a23d6a5912099813e78d289c8fc94c,452
/usr/local/i5k/media/blast/db/GCF_037043105.1_ilVanTame1_primary_haplotype_cds_from_genomic.fna,b427894c90cc387c82cbb5aea31a7d9d,453
/usr/local/i5k/media/blast/db/GCF_037043105.1_ilVanTame1_primary_haplotype_genomic.fna,2ef5b85a25bd63453b88e85ecd159747,454
/usr/local/i5k/media/blast/db/GCF_037043105.1_ilVanTame1_primary_haplotype_rna_from_genomic.fna,e79e8ae7253f154b68ff98aa7b6471ca,455
/usr/local/i5k/media/blast/db/GCF_037043105.1_ilVanTame1_primary_haplotype_translated_cds.faa,b667f91398388b7213b47007ce1c313c,456
/usr/local/i5k/media/blast/db/GCF_037126465.1_ASM3712646v1_cds_from_genomic.fna,c185d3a57acac4a10f59d933d714caef,457
/usr/local/i5k/media/blast/db/GCF_037126465.1_ASM3712646v1_genomic.fna,a4ff5eb0143aa9b117bcf5fcb8f5f783,458
/usr/local/i5k/media/blast/db/GCF_037126465.1_ASM3712646v1_rna_from_genomic.fna,b7f407c1c2a7cd3767402cc1a7b58e75,459
/usr/local/i5k/media/blast/db/GCF_037126465.1_ASM3712646v1_translated_cds.faa,580abf10226def3798ad74de67a1903f,460
/usr/local/i5k/media/blast/db/GCF_040414725.1_ASM4041472v1_cds_from_genomic.fna,98d88f440de052c941e7214822d70bb8,461
/usr/local/i5k/media/blast/db/GCF_040414725.1_ASM4041472v1_rna_from_genomic.fna,81a45c3b4e22c81b3c37a2dcc6d829b9,462
/usr/local/i5k/media/blast/db/GCF_040414725.1_ASM4041472v1_translated_cds.faa,ca81ca663a67f211e339d709e7caee9b,463
/usr/local/i5k/media/blast/db/GCF_910591885.1_iyBomTerr1.2_cds_from_genomic.fna,ca8d27f3808e66c987c57b3ff9d8a0fc,464
/usr/local/i5k/media/blast/db/GCF_910591885.1_iyBomTerr1.2_genomic.fna,f59fd219ea2f03f63a9a285e798b8e7c,465
/usr/local/i5k/media/blast/db/GCF_910591885.1_iyBomTerr1.2_rna_from_genomic.fna,96b96bb35ef9a21d76647d0aa251ef0d,466
/usr/local/i5k/media/blast/db/GCF_910591885.1_iyBomTerr1.2_translated_cds.faa,ed090375921d97581dd5d05a6c67bf8c,467
/usr/local/i5k/media/blast/db/GCF_917208135.1_iyAthRosa1.1_cds_from_genomic.fna,54eb7c388b1163c689a050818358054c,468
/usr/local/i5k/media/blast/db/GCF_917208135.1_iyAthRosa1.1_genomic.fna,4dd796fda015784a518dfd80d077ccaa,469
/usr/local/i5k/media/blast/db/GCF_917208135.1_iyAthRosa1.1_rna_from_genomic.fna,138afcbd0ed961a3568a794590238c56,470
/usr/local/i5k/media/blast/db/GCF_917208135.1_iyAthRosa1.1_translated_cds.faa,09e65ed09ecf686cab56ac8f61152a0d,471
/usr/local/i5k/media/blast/db/Gbue.scaffolds.50_new_ids.fa,3723419c5fb6be789b8638c2beb7f3d6,472
/usr/local/i5k/media/blast/db/HAZT.CDS.fna,b986a7ceeced0eaedaf195817f0fd353,473
/usr/local/i5k/media/blast/db/HAZT.faa,defcd1f664e3a7b1c9ee8ea22b933bcd,474
/usr/local/i5k/media/blast/db/HHAL.faa,bfeb9df3bd060486b984c2e7fe9f92a7,475
/usr/local/i5k/media/blast/db/HVIT_new_ids.faa,3298a54df89cc0f86dd7d99032c60730,476
/usr/local/i5k/media/blast/db/HVIT_new_ids.fna,4b873a08eac83a1c088b62ff5fda565a,477
/usr/local/i5k/media/blast/db/Hazt_redundans_assembly_test_3_4_2016.fa,ef92c421aabd80bb932e306c275df989,478
/usr/local/i5k/media/blast/db/Holacanthella_duospinosa_annotation_1.0_cds.fa,89071b1d9de8cadce5c9bd2abb5020ff,479
/usr/local/i5k/media/blast/db/Holacanthella_duospinosa_annotation_1.0_pep.fa,2ef289369fe92fde69b06a65717b332b,480
/usr/local/i5k/media/blast/db/Holacanthella_duospinosa_annotation_1.0_trans.fa,796d609c26dfe092776f920d1c627eb2,481
/usr/local/i5k/media/blast/db/Hvit.scaffolds.50_new_ids.fa,79406904caae229a86577d964aa91e98,482
/usr/local/i5k/media/blast/db/JAMg_OGSv1.1_cds.fa,01d7f766576859be1feff5475db85305,483
/usr/local/i5k/media/blast/db/JAMg_OGSv1.1_pep.fa,d0a0a62d9990499f460d423ef63b3183,484
/usr/local/i5k/media/blast/db/JAMg_OGSv1.1_trans.fa,5c68c4330c239c4d1ddddffdf2744d92,485
/usr/local/i5k/media/blast/db/JAMg_OGSv2_trans.fa,b17fdff5b8e243949ce72aa174796ecc,486
/usr/local/i5k/media/blast/db/LDEC_new_ids.faa,f48f05f0b3a2f00473798b6119520a93,487
/usr/local/i5k/media/blast/db/LDEC_new_ids.fna,90195de7435edeb282ad7d07680cb730,488
/usr/local/i5k/media/blast/db/LFUL_new_ids.faa,26af00a38ea29d8925109a0e1b10685d,489
/usr/local/i5k/media/blast/db/LFUL_new_ids.fna,d12c7eb0a236bd8385a4293fc4d93969,490
/usr/local/i5k/media/blast/db/LHES_new_ids.faa,447eea0c9623e5a37e3185cae03cf003,491
/usr/local/i5k/media/blast/db/LHES_new_ids.fna,9c1cf329e8d4c3e0d0ac4e5a43c855e8,492
/usr/local/i5k/media/blast/db/LLUN_new_ids.faa,7ada79612998331710d4632e192b2d48,493
/usr/local/i5k/media/blast/db/LLUN_new_ids.fna,bbca27d2cc8272b41bd231f861645304,494
/usr/local/i5k/media/blast/db/LREC_new_ids.faa,584c1f76db8e332b7a076684c401f051,495
/usr/local/i5k/media/blast/db/LREC_new_ids.fna,1341a49351401b6106566d81967a06ac,496
/usr/local/i5k/media/blast/db/Lalb_OGS_v5.42.cds.fa,0c9f43c9f98c6ae88bd8005501e63065,497
/usr/local/i5k/media/blast/db/Lalb_OGS_v5.42.pep.fa,768d4004bb759f312e722252b17b84b6,498
/usr/local/i5k/media/blast/db/Ldec.genome.10062013_new_ids.fa,9983b0ccdc585415c117c4d93aa337cf,499
/usr/local/i5k/media/blast/db/Lful_Scha04012013-genome_new_ids.fa,745229f05d5eb724393c8fa794a83f98,500
/usr/local/i5k/media/blast/db/Lhes.scaffolds_new_ids.fa,a8113862daa5af5cf372fdac4af43deb,501
/usr/local/i5k/media/blast/db/Llun.scaffolds_new_ids.fa,cdb3711e07fbfb0930a43623f5a9aab9,502
/usr/local/i5k/media/blast/db/Lm_assembly2-2.fasta,656716152f1bbf9cec127c6b409b0576,503
/usr/local/i5k/media/blast/db/Lm_assembly2-2_over499.fasta,675ddd9297a2bb961ea3cd1df10561af,504
/usr/local/i5k/media/blast/db/Lrec.scaffolds_new_ids.fa,825a7b2144ee598687cb52b3b28a8054,505
/usr/local/i5k/media/blast/db/MEAM1_v1.2-GCF_001854935.1_cds.fa,4ef14deb703a2cb801e60012a6cdd3e8,506
/usr/local/i5k/media/blast/db/MEAM1_v1.2-GCF_001854935.1_pep.fa,198682d7786d95fa3c37f4eda415fe61,507
/usr/local/i5k/media/blast/db/MEAM1_v1.2-GCF_001854935.1_trans.fa,6b53793d5d497ceda15c0c32f5437180,508
/usr/local/i5k/media/blast/db/Megachile_rotundata_v1.1.cds.fa,722f87755540e2bf3dce36810929ee31,509
/usr/local/i5k/media/blast/db/Megachile_rotundata_v1.1.pep.fa,8087e80683312dc1b734af62f7de7a75,510
/usr/local/i5k/media/blast/db/Melipona_quadrifasciata_v1.1.cds.fa,a59715e955c7f1d1728feea4809ac1ef,511
/usr/local/i5k/media/blast/db/Melipona_quadrifasciata_v1.1.pep.fa,9590ac9c8a6373293c0ce43869fbafe3,512
/usr/local/i5k/media/blast/db/Mext_OGS_v1.0_pep.fa,9dbf65e9c06ba5ea85570226236a75db,513
/usr/local/i5k/media/blast/db/Mext_OGS_v1.0_transcripts.fa,cf249728c2829966b5f24ff630621a93,514
/usr/local/i5k/media/blast/db/NCBI_Dufourea_novaeangliae_Annotation_Release_100_protein.fa,a86375999237a38ebfd0ae8178ffeebe,515
/usr/local/i5k/media/blast/db/NCBI_Dufourea_novaeangliae_Annotation_Release_100_rna.fa,6a076960a9036010e5b2f21b99bb53f8,516
/usr/local/i5k/media/blast/db/NCBI_Megachile_rotundata_Annotation_Release_101_protein.fa,789a8e79f64b77f09375560dc3cb6064,517
/usr/local/i5k/media/blast/db/NCBI_Megachile_rotundata_Annotation_Release_101_rna.fa,be0b65b689d32c074140d35863bb2f45,518
/usr/local/i5k/media/blast/db/NIJG01_GenBankIDs.fa,ff32d0fe9b73ca824d91dff454e82b90,519
/usr/local/i5k/media/blast/db/Neodiprion_lecontei_Annotation_Release_100_protein.fa,d1977ce23b4aac02928edb0930e30fc6,520
/usr/local/i5k/media/blast/db/Nlec_v1_NCBI_scaffolds_GenBankIDs.fasta,bbcecb6f1c0e3796f983941759748afe,521
/usr/local/i5k/media/blast/db/Nlec_v1_proteins_renamed_alphabetized.fasta,8262f62e543f8ae89bc7bca0a31abcfb,522
/usr/local/i5k/media/blast/db/Nlec_v1_transcripts_renamed_alphabetized.fasta,d3b2f41fdd0e083a2c989a0b206567e2,523
/usr/local/i5k/media/blast/db/OABI_new_ids.faa,68eae0bdb12e4fb142994e323d4240fb,524
/usr/local/i5k/media/blast/db/OABI_new_ids.fna,f2abc74b7a0af739fc6f3ea9f17b90c8,525
/usr/local/i5k/media/blast/db/OFAS_new_ids.faa,5d9121bc7cca97fad18313a24742320b,526
/usr/local/i5k/media/blast/db/OFAS_new_ids.fna,c917adb621beb9004101144cfdfb8b12,527
/usr/local/i5k/media/blast/db/OTAU_new_ids.faa,dd8e9076e6c90168d87848542be9db57,528
/usr/local/i5k/media/blast/db/Oabi11242013.genome_new_ids.fa,33d7884a0040132cfcb23be445aec0ee,529
/usr/local/i5k/media/blast/db/Ofas.scaffolds_new_ids.fa,32f1e5e341bdc8a6605dd5863e2b321c,530
/usr/local/i5k/media/blast/db/PTEP_new_ids.faa,8cd500db399bf67bb694aac066db51ef,531
/usr/local/i5k/media/blast/db/PTEP_new_ids.fna,96ed8e85012835691cf5665d98854f42,532
/usr/local/i5k/media/blast/db/PVEN_new_ids.faa,291359da7da92fdbf9f5badf8f384725,533
/usr/local/i5k/media/blast/db/PVEN_new_ids.fna,d021565d92fe2386e6815a788ba56743,534
/usr/local/i5k/media/blast/db/Planthopper-HiC-final_nocontam.fasta,50a39069d8d0b5b90efc06bec4bc02d8,535
/usr/local/i5k/media/blast/db/Ptep01282013.genome_new_ids.fa,5a6b71ddcf35aa1bddb71a0486ac3878,536
/usr/local/i5k/media/blast/db/Pven10162013.scaffolds_new_ids.fa,59206d7bbfb7eaa1834ed31fe9d4d03c,537
/usr/local/i5k/media/blast/db/TCALIF_genome_v1.0_new_ids.fasta,fe63dcf7ce0f150036329aef108a889f,538
/usr/local/i5k/media/blast/db/TCALIF_proteins_v1.0_new_ids.fasta,a01d4d6f007bb6c7a42a8691056516a2,539
/usr/local/i5k/media/blast/db/TCALIF_transcripts_v1.0_new_ids.fasta,d4ef3caca47ff59c11f10b45c2b821c7,540
/usr/local/i5k/media/blast/db/TPRE_new_ids.faa,fe80fc329dbc629927c9602c651f8652,541
/usr/local/i5k/media/blast/db/TPRE_new_ids.fna,5269ccd8270eee75d1c2a439a720ad36,542
/usr/local/i5k/media/blast/db/Tpre_FINAL.scaffolds_new_ids.fa,ae7790e07d9b56468774f841f42ee2fa,543
/usr/local/i5k/media/blast/db/_____RdoDt3_Drdd8_decomES.fasta,691e85b58d95024a889e6821270b228e,544
/usr/local/i5k/media/blast/db/agla_OGS_v1_2_peptide.fa,9399c5cc222d5e48480b98ecd8a61109,545
/usr/local/i5k/media/blast/db/amel_OGSv3.3_pep.fa,322804c10350ecb95d2ff65cdb3ad740,546
/usr/local/i5k/media/blast/db/anogla_OGSv1.3_cds.fa,b622727be43be7546b543c557f4d444d,547
/usr/local/i5k/media/blast/db/anogla_OGSv1.3_pep.fa,da926ac5104d9b9e6b0f63cae9a12c63,548
/usr/local/i5k/media/blast/db/anogla_OGSv1.3_trans.fa,e90c7b5d36ca3df1a0abe1d32fc44da4,549
/usr/local/i5k/media/blast/db/apimel_OGSv3.4_cds.fa,acdc8f5aca0970a21046de27156a487e,550
/usr/local/i5k/media/blast/db/apimel_OGSv3.4_pep.fa,fcaf54dd4d8a37cf20b74ed7ed3b1e17,551
/usr/local/i5k/media/blast/db/apimel_OGSv3.4_trans.fa,bee04d5921945b8add620063ab48fe6d,552
/usr/local/i5k/media/blast/db/athros_OGSv1.3_cds.fa,7c41c0730aa5a301194b68cd9bd8e043,553
/usr/local/i5k/media/blast/db/athros_OGSv1.3_pep.fa,c78458c36fb7a23379179751fbdaeb31,554
/usr/local/i5k/media/blast/db/athros_OGSv1.3_trans.fa,5ef82879050cd1800c8248689fd7f31e,555
/usr/local/i5k/media/blast/db/aug3.1.aa_new_ids.fa,50aa84757e8494f710c67662abb0b66a,556
/usr/local/i5k/media/blast/db/aug3.1.mrna_new_ids.fa,b0946ff020b98b98d6db6b714920ff49,557
/usr/local/i5k/media/blast/db/bacdor_v100_protein.fa,2b2d0904bea764b22b137c4c8055e993,558
/usr/local/i5k/media/blast/db/blager_OGSv1.2_cds.fa,106633bf6fddf4ef9bfbcd7f1ffa73d8,559
/usr/local/i5k/media/blast/db/blager_OGSv1.2_pep.fa,df04389f4502fd3e3fe8b86c5c09339f,560
/usr/local/i5k/media/blast/db/blager_OGSv1.2_trans.fa,8c69b9962a4974ea6dfdb41631fdd59d,561
/usr/local/i5k/media/blast/db/bomimp_OGSv1.1_cds_new.fa,e242b734f45b08d953a2273ff7238f23,562
/usr/local/i5k/media/blast/db/bomimp_OGSv1.1_pep_new.fa,d12c43bd06c304c170ef2e5e837c5f64,563
/usr/local/i5k/media/blast/db/cepcin_OGSv1.0_pep.fa,207a57a26a430b97d442266afd6b1be4,564
/usr/local/i5k/media/blast/db/cepcin_OGSv1.1_pep.fa,1564cc330f3ef1d4ae21d71007092879,565
/usr/local/i5k/media/blast/db/cepcin_OGSv1.2_cds.fa,b72541a663cbe577ad58655d24ad7c64,566
/usr/local/i5k/media/blast/db/cepcin_OGSv1.2_pep.fa,f7cfa4c5d5ba710d74b6f4e61ccdf72d,567
/usr/local/i5k/media/blast/db/cepcin_OGSv1.2_trans.fa,a9e791d82232465ec00f4471ed4ca340,568
/usr/local/i5k/media/blast/db/cercap_JAMG_v1.cds,b580fbdf7b3171040a495036015f1b47,569
/usr/local/i5k/media/blast/db/cercap_JAMG_v1.pep,73d4e20ff367296e1a668c398cb00747,570
/usr/local/i5k/media/blast/db/cercap_OGSv1.1_cds.fa,9d7df382cc16822c85e52b7c9bd151d5,571
/usr/local/i5k/media/blast/db/cercap_OGSv1.1_pep.fa,1a7bec265b5e37551b840b3a3ef340c6,572
/usr/local/i5k/media/blast/db/cercap_OGSv1.1_trans.fa,e22cea2ca240497bb530b5e2fd2d436f,573
/usr/local/i5k/media/blast/db/cimlec_OGSv1.3_cds.fa,6f4c624f6eca78f54e86a6815d5394a9,574
/usr/local/i5k/media/blast/db/cimlec_OGSv1.3_pep.fa,03aacce52cbdc3f2af085f6067907978,575
/usr/local/i5k/media/blast/db/cimlec_OGSv1.3_trans.fa,e2a2e86df38be8bfbe877215e6623d6d,576
/usr/local/i5k/media/blast/db/clec_OGS_v1_2_peptide.fa,00eda233926d702eeadc14425086c77b,577
/usr/local/i5k/media/blast/db/diaci1.1_new_ids.fa,609fbbffd648ca7e95316a52d361c853,578
/usr/local/i5k/media/blast/db/ephdan_OGSv1.0_cds.fa,0621b551982c44f3cbe233e58e3236b6,579
/usr/local/i5k/media/blast/db/ephdan_OGSv1.0_pep.fa,f2f3e5f076de02e2da2b250142e49151,580
/usr/local/i5k/media/blast/db/ephdan_OGSv1.0_trans.fa,3587935d407e1ea1372f54ea4c49b243,581
/usr/local/i5k/media/blast/db/eufmex_OGSv1.3_cds.fa,f017850b53f158c142837aaa9bc87ad8,582
/usr/local/i5k/media/blast/db/eufmex_OGSv1.3_pep.fa,58f889961385de1e6c2d884b7e3089af,583
/usr/local/i5k/media/blast/db/eufmex_OGSv1.3_trans.fa,c01c5348fa44d0a93a49d9736615c1dd,584
/usr/local/i5k/media/blast/db/fopari_v100_protein.fa,bc4a6debdddc05bc90c1b9f1011d40d0,585
/usr/local/i5k/media/blast/db/fopari_v100_rna.fa,b9f7be3b30e435fcd21d1fb1d0f55886,586
/usr/local/i5k/media/blast/db/fraocc_OGSv1.1_pep.fa,4c194469b81aa7961afc146d004c9239,587
/usr/local/i5k/media/blast/db/fraocc_OGSv1.2_cds.fa,3bc6cf45f946ce5d9f11cde2a2f573a7,588
/usr/local/i5k/media/blast/db/fraocc_OGSv1.2_pep.fa,2e8346c3f7992682a44a1215126a68d8,589
/usr/local/i5k/media/blast/db/fraocc_OGSv1.2_trans.fa,b6295dfef2fa3888f5cdb19a1452745f,590
/usr/local/i5k/media/blast/db/gerbue_OGSv1.1_cds.fa,d13c394b4e257fb5e12de88862fad138,591
/usr/local/i5k/media/blast/db/gerbue_OGSv1.1_pep.fa,998e00cc1a906847021a1f37670c08d9,592
/usr/local/i5k/media/blast/db/gerbue_OGSv1.1_trans.fa,256ae2e59878398002cfebf628974743,593
/usr/local/i5k/media/blast/db/halhal_OGSv1.1_pep.fa,7297c23b04e2b56693f8f6d2760f8a5d,594
/usr/local/i5k/media/blast/db/halhal_OGSv1.2_cds.fa,f2e4c4b7635438e6d24ccc1ed14d2474,595
/usr/local/i5k/media/blast/db/halhal_OGSv1.2_pep.fa,3ca3901e49c0009e1d777e1bc8809153,596
/usr/local/i5k/media/blast/db/halhal_OGSv1.2_trans.fa,26ff72506de9c4693ac2eefcfd88ad10,597
/usr/local/i5k/media/blast/db/helvir_OGSv1.1_cds.fa,279c52d01721bac1ddcddce68ce5383e,598
/usr/local/i5k/media/blast/db/helvir_OGSv1.1_pep.fa,42c73cb122702eccdda1022d5c6657e2,599
/usr/local/i5k/media/blast/db/helvir_OGSv1.1_trans.fa,77c5c523b8c1fe6e616331071c2f119c,600
/usr/local/i5k/media/blast/db/hf_OGS1.0.cdna.fasta,8b2d10c5f15df50e64a57ac812e4f383,601
/usr/local/i5k/media/blast/db/hf_OGS1.0.cds.fasta,57bc64feb55fab713ab9142273da7aa7,602
/usr/local/i5k/media/blast/db/hf_OGS1.0.pep.fasta,0bc606768249c0db9b412332378eea2e,603
/usr/local/i5k/media/blast/db/hf_scaffolds_blast_ids.fa,4ee5f8d2bb6517ac49005d1fc213a556,604
/usr/local/i5k/media/blast/db/hyaazt_OGSv1.1_pep.fa,45211a809671b2b77a7ba8bbab8e1a5e,605
/usr/local/i5k/media/blast/db/hyaazt_OGSv1.2_pep.fa,23972c849c3d3e51b5fb636226effd1a,606
/usr/local/i5k/media/blast/db/hyaazt_OGSv1.3_cds.fa,d407dcf7cf3af26c6d1a28b096b1c85b,607
/usr/local/i5k/media/blast/db/hyaazt_OGSv1.3_pep.fa,a24132a0b391a628bd5d92d7d04b6982,608
/usr/local/i5k/media/blast/db/hyaazt_OGSv1.3_trans.fa,ae82bbdcae5d786cda22461618311d9f,609
/usr/local/i5k/media/blast/db/ihOncFasc_HiC_hap1_scaffold.fasta,330099c9513a4be4ca8a3ad73a439521,610
/usr/local/i5k/media/blast/db/ihOncFasc_HiC_hap2_scaffold.fasta,6b78b40c19bd5020d55c8da32966ec2e,611
/usr/local/i5k/media/blast/db/ladful_OGSv1.0_cds.fa,560b4e87ef13ed1e1795bf58613f82a0,612
/usr/local/i5k/media/blast/db/ladful_OGSv1.0_pep.fa,a3d5b57e845b6cc82d9395f44eca2064,613
/usr/local/i5k/media/blast/db/ladful_OGSv1.0_trans.fa,6088fb7215b6c828f9a1b5222c981e5e,614
/usr/local/i5k/media/blast/db/laostr_OGSv1.2_cds.fna,297c259788aba8e48b2824593583c63b,615
/usr/local/i5k/media/blast/db/laostr_OGSv1.2_pep.faa,7de705f6e2ea13b7db7f0a1eefebde6b,616
/usr/local/i5k/media/blast/db/laostr_OGSv1.2_trans.fna,b5a39d096c3086bea987a73c49d21127,617
/usr/local/i5k/media/blast/db/lepdec_OGSv1.2_GCF_000500325.1_cds.fa,21cbdd9c52221d4fe318a1d5c6f559c1,618
/usr/local/i5k/media/blast/db/lepdec_OGSv1.2_GCF_000500325.1_pep.fa,476331ab5c9e53a7df2a8a8c28f7288b,619
/usr/local/i5k/media/blast/db/lepdec_OGSv1.2_GCF_000500325.1_trans.fa,99f03039e5f08040a39dc06c9d63801f,620
/usr/local/i5k/media/blast/db/locust.OGS_preQC.gff3.cds,d815c68a16fdd1a2c3fdaa07fa1d8bce,621
/usr/local/i5k/media/blast/db/locust.OGS_preQC.gff3.mRNA.fa,dc18a0a24e390b43e3003e3079144398,622
/usr/local/i5k/media/blast/db/locust.OGS_preQC.gff3.pep,52ae6d9bd665cf1f4ae613cb00180d09,623
/usr/local/i5k/media/blast/db/maker_genes_diaci1.1_proteins_NALmod_new_ids.fasta,b7f3c9df4e0c1310ddbed267ca889546,624
/usr/local/i5k/media/blast/db/maker_genes_diaci1.1_transcripts_NALmod_new_ids.fasta,a7d74ac2c8850ecddf2325953f3db898,625
/usr/local/i5k/media/blast/db/micdem_OGSv1.0_pep.fa,faefe0c0313d2c365860366a93a3744f,626
/usr/local/i5k/media/blast/db/ms_ogs_proteins.fa,f779a8bb23a7f4688ef1da460f1a6dbd,627
/usr/local/i5k/media/blast/db/ms_ogs_transcripts.fa,f5ba93f35e54ca6129aeb1a3c0dd69d0,628
/usr/local/i5k/media/blast/db/nicves_OGSv1.0_cds.fa,0ac554aa064363cb56c2d0d4186299fa,629
/usr/local/i5k/media/blast/db/nicves_OGSv1.0_pep.fa,fc3a3c76b9640c1acd066ca206b66300,630
/usr/local/i5k/media/blast/db/nicves_OGSv1.0_trans.fa,4907cdfdd3f865660af32a010b49b6a4,631
/usr/local/i5k/media/blast/db/nylful_OGSv1.0_pep.fa,eaa41605acf72430ee0d6aec8bce4fc4,632
/usr/local/i5k/media/blast/db/nylful_OGSv1.1_cds.fa,23eee2e8c5cdbb68247bb6b21fd59a51,633
/usr/local/i5k/media/blast/db/nylful_OGSv1.1_pep.fa,304fcb7d7bdf67dcc3feb38a5fca518a,634
/usr/local/i5k/media/blast/db/nylful_OGSv1.1_trans.fa,8a8ae1093b212dbd44fe58d57509a7b0,635
/usr/local/i5k/media/blast/db/ofas_v1_1_merged.pep.fasta,6c41352bd69baab320cc98951f63a85f,636
/usr/local/i5k/media/blast/db/oncfas_OGSv1.2_original_cds.fa,8e1d9e7fa3a6ec57731c5b421b395784,637
/usr/local/i5k/media/blast/db/oncfas_OGSv1.2_original_peptide.fa,05917c84d51b9188b5bd43a1eb9f4e00,638
/usr/local/i5k/media/blast/db/oncfas_OGSv1.2_original_transcript.fa,d01d7d53be74ab62af9746adee1e4c59,639
/usr/local/i5k/media/blast/db/oruabi_OGSv1.1_pep.fa,5b8e027a82efb3f1adea3ebee9743b9c,640
/usr/local/i5k/media/blast/db/oruabi_OGSv1.2_cds.fa,17117f55c4efb52f3ee67cc720c0c53d,641
/usr/local/i5k/media/blast/db/oruabi_OGSv1.2_pep.fa,aae834688eee855d234de864f682840d,642
/usr/local/i5k/media/blast/db/oruabi_OGSv1.2_trans.fa,2908d7309ce0f31b3815ba99a06f1a81,643
/usr/local/i5k/media/blast/db/permai_annotations_v2023_cds.fa,b636aedd5aead2cdd13171ada49b83b5,644
/usr/local/i5k/media/blast/db/permai_annotations_v2023_pep.fa,4a7db2a4c5feca83312892c0e18fcef1,645
/usr/local/i5k/media/blast/db/permai_annotations_v2023_trans.fa,cae5002d0922bbb5b12d6b9f40b7fcb1,646
/usr/local/i5k/media/blast/db/ref_ASM118610v1_protein.fa,3e12241db03d26da987cb552184c6f44,647
/usr/local/i5k/media/blast/db/ref_Mdem2_protein.fa,a908d5a525852f7856936a3cad6fc4c0,648
/usr/local/i5k/media/blast/db/tigcal_OGSv1.1_cds.fa,81857da4614537ff4272e1c2880091a9,649
/usr/local/i5k/media/blast/db/tigcal_OGSv1.1_pep.fa,365ac6fc0e8b0239f83113e3218e0797,650
/usr/local/i5k/media/blast/db/tigcal_OGSv1.1_trans.fa,0debb1fc4a01d665e10adbc84b79325a,651
/usr/local/i5k/media/blast/db/tricas_OGSv3.1_cds.fa,18cb309d7d7acd6aa4346635293270a7,652
/usr/local/i5k/media/blast/db/tricas_OGSv3.1_pep.fa,be7f37ecebf1fc0b3e00f410897266b5,653
/usr/local/i5k/media/blast/db/tricas_OGSv3.1_trans.fa,70df7adb8168baa1c6ea1ece13caacd4,654
