id,organism,fasta_file,title,description,is_shown
172,115,/usr/local/i5k/media/blast/db/GCF_027943255.1_idAnaObli1_1.0_translated_cds.faa,GCF_027943255.1_idAnaObli1_1.0_translated_cds.faa,"Anastrepha obliqua NCBI Annotation release GCF_027943255.1-RS_2023_03, translated CDS",True
158,107,/usr/local/i5k/media/blast/db/GCF_022605725.1_icAntGran1.3_translated_cds.faa,GCF_022605725.1_icAntGran1.3_translated_cds.faa,"Anthonomus grandis grandis NCBI Annotation release 100, translated CDS",True
166,72,/usr/local/i5k/media/blast/db/GCF_000188095.3_BIMP_2.2_translated_cds.faa,GCF_000188095.3_BIMP_2.2_translated_cds.faa,"Bombus impatiens NCBI Annotation release 103, translated CDS",True
165,112,/usr/local/i5k/media/blast/db/GCF_023375885.1_qqDerAnde1.2_translated_cds.faa,GCF_023375885.1_qqDerAnde1.2_translated_cds.faa,"Dermacentor andersoni NCBI Annotation release 100, translated CDS",True
178,121,/usr/local/i5k/media/blast/db/GCF_026250575.1_icDioCari1.1_translated_cds.faa,GCF_026250575.1_icDioCari1.1_translated_cds.faa,"Diorhabda carinulata NCBI Annotation release GCF_026250575.1-RS_2023_06, translated CDS",True
155,104,/usr/local/i5k/media/blast/db/GCF_023897955.1_iqSchGreg1.2_protein.faa,GCF_023897955.1_iqSchGreg1.2_protein.faa,"Schistocerca gregaria NCBI Annotation release 100, translated CDS",True
156,105,/usr/local/i5k/media/blast/db/GCF_023898315.1_iqSchNite1.1_protein.faa,GCF_023898315.1_iqSchNite1.1_protein.faa,"Schistocerca nitens NCBI Annotation release 100, translated CDS",True
157,106,/usr/local/i5k/media/blast/db/GCF_023864345.2_iqSchSeri2.2_protein.faa,GCF_023864345.2_iqSchSeri2.2_protein.faa,"Schistocerca serialis NCBI Annotation release 100, translated CDS",True
175,118,/usr/local/i5k/media/blast/db/GCF_028554725.1_idZeuCucr1.2_translated_cds.faa,GCF_028554725.1_idZeuCucr1.2_translated_cds.faa,"Zeugodacus cucurbitae NCBI Annotation release GCF_028554725.1-RS_2023_03, translated CDS",True
234,42,/usr/local/i5k/media/blast/db/Bactrocera_dorsalis_Bdor_v1_MAKER_annotations-BDOR1.1_pep.fa,Bactrocera_dorsalis_Bdor_v1_MAKER_annotations-BDOR1.1_pep.fa,"Bactrocera dorsalis Bdor_v1 MAKER annotations - BDOR1.1, translated CDS",True
133,88,/usr/local/i5k/media/blast/db/Bradysia_coprophila.Bcop_v1.0_proteins_with_putative_function.fasta,Bradysia_coprophila.Bcop_v1.0_proteins_with_putative_function.fasta,"Bradysia_coprophila.Bcop_v1.0, proteins",True
219,38,/usr/local/i5k/media/blast/db/CAQU.Models-Caqu_2.0_pep.fa,CAQU.Models-Caqu_2.0_pep.fa,"Catajapyx aquilonaris BCM 0.5.3, translated CDS",True
218,68,/usr/local/i5k/media/blast/db/GCA_002192655.3_ASM219265v3_translated_cds.faa,GCA_002192655.3_ASM219265v3_translated_cds.faa,"Mamestra configurata (GCA_002192655.3), translated CDS",True
186,57,/usr/local/i5k/media/blast/db/GCF_000341935.2_Ccin1v2_translated_cds.faa,GCF_000341935.2_Ccin1v2_translated_cds.faa,"Cephus cinctus NCBI Annotation release 101, translated CDS",True
235,3,/usr/local/i5k/media/blast/db/GCF_000347755.3_Ccap_2.1_translated_cds.faa,GCF_000347755.3_Ccap_2.1_translated_cds.faa,"Ceratitis capitata NCBI Annotation release 103, translated CDS",True
195,23,/usr/local/i5k/media/blast/db/GCF_000599845.2_Tpre_2.0_translated_cds.faa,GCF_000599845.2_Tpre_2.0_translated_cds.faa,"Trichogramma pretiosum NCBI Annotation release 101, translated CDS",True
196,20,/usr/local/i5k/media/blast/db/GCF_000612105.2_Oabi_2.0_translated_cds.faa,GCF_000612105.2_Oabi_2.0_translated_cds.faa,"Orussus abietinus NCBI Annotation release 101, translated CDS",True
201,25,/usr/local/i5k/media/blast/db/GCF_000648655.2_Cflo_2.0_translated_cds.faa,GCF_000648655.2_Cflo_2.0_translated_cds.faa,"Copidosoma floridanum NCBI Annotation release 101, translated CDS",True
194,31,/usr/local/i5k/media/blast/db/GCF_000648695.1_Otau_2.0_translated_cds.faa,GCF_000648695.1_Otau_2.0_translated_cds.faa,"Onthophagus taurus NCBI Annotation release 100, translated CDS",True
191,24,/usr/local/i5k/media/blast/db/GCF_000671375.1_Cexi_2.0_translated_cds.faa,GCF_000671375.1_Cexi_2.0_translated_cds.faa,"Centruroides sculpturatus NCBI Annotation release 100, translated CDS",True
209,16,/usr/local/i5k/media/blast/db/GCF_000697945.3_Focc_3.1_translated_cds.faa,GCF_000697945.3_Focc_3.1_translated_cds.faa,"Frankliniella occidentalis NCBI Annotation release 101, translated CDS",True
200,33,/usr/local/i5k/media/blast/db/GCF_000699045.2_Apla_2.0_translated_cds.faa,GCF_000699045.2_Apla_2.0_translated_cds.faa,"Agrilus planipennis NCBI Annotation release 101, translated CDS",True
183,40,/usr/local/i5k/media/blast/db/GCF_000764305.2_Hazt_2.0.2_translated_cds.faa,GCF_000764305.2_Hazt_2.0.2_translated_cds.faa,"Hyalella azteca NCBI Annotation release 101, translated CDS",True
223,45,/usr/local/i5k/media/blast/db/GCF_001188975.3_MU_Boleae_v2_translated_cds.faa,GCF_001188975.3_MU_Boleae_v2_translated_cds.faa,"Bactrocera oleae NCBI Annotation release 101, translated CDS",True
205,71,/usr/local/i5k/media/blast/db/GCF_001483705.2_ASM148370v2_translated_cds.faa,GCF_001483705.2_ASM148370v2_translated_cds.faa,"Eufriesea mexicana NCBI Annotation release 100, translated CDS",True
190,73,/usr/local/i5k/media/blast/db/GCF_002443255.2_Vdes_3.0_translated_cds.faa,GCF_002443255.2_Vdes_3.0_translated_cds.faa,"Varroa destructor NCBI Annotation release 100, translated CDS",True
189,77,/usr/local/i5k/media/blast/db/GCF_002532875.2_vjacob_1.0_translated_cds.faa,GCF_002532875.2_vjacob_1.0_translated_cds.faa,"Varroa jacobsoni NCBI Annotation release 100, translated CDS",True
213,69,/usr/local/i5k/media/blast/db/GCF_003254395.2_Amel_HAv3.1_translated_cds.faa,GCF_003254395.2_Amel_HAv3.1_translated_cds.faa,"Apis mellifera NCBI Annotation release 104, translated CDS",True
188,76,/usr/local/i5k/media/blast/db/GCF_005281655.2_TAMU_Nfulva_1.1_translated_cds.faa,GCF_005281655.2_TAMU_Nfulva_1.1_translated_cds.faa,"Nylanderia fulva NCBI Annotation release 100, translated CDS",True
211,32,/usr/local/i5k/media/blast/db/GCF_007210705.1_Tcal_SD_v2.1_translated_cds.faa,GCF_007210705.1_Tcal_SD_v2.1_translated_cds.faa,"Tigriopus californicus NCBI Annotation release GCF_007210705.1-RS_2023_08, translated CDS",True
129,87,/usr/local/i5k/media/blast/db/GCF_008802855.1_Ppyr1.3_translated_cds-idupdate.faa,GCF_008802855.1_Ppyr1.3_translated_cds-idupdate.faa,"Photinus pyralis NCBI Annotation release 100, translated CDS",True
138,64,/usr/local/i5k/media/blast/db/GCF_013339725.1_ASM1333972v1_translated_cds.faa,GCF_013339725.1_ASM1333972v1_translated_cds.faa,"Rhipicephalus microplus NCBI Annotation release 100, translated CDS",True
177,120,/usr/local/i5k/media/blast/db/GCF_014083535.2_V.mandarinia_Nanaimo_p1.0_translated_cds.faa,GCF_014083535.2_V.mandarinia_Nanaimo_p1.0_translated_cds.faa,"Vespa mandarinia NCBI Annotation release 100, translated CDS",True
132,88,/usr/local/i5k/media/blast/db/GCF_014529535.1_BU_Bcop_v1_translated_cds.faa,GCF_014529535.1_BU_Bcop_v1_translated_cds.faa,"Bradysia coprophila NCBI Annotation release 100, translated CDS",True
142,95,/usr/local/i5k/media/blast/db/GCF_015345945.1_Tmad_KSU_1.1_translated_cds.faa,GCF_015345945.1_Tmad_KSU_1.1_translated_cds.faa,"Tribolium madens NCBI Annotation release 100, translated CDS",True
134,89,/usr/local/i5k/media/blast/db/GCF_015586225.1_ASM1558622v1_translated_cds-idupdate.faa,GCF_015586225.1_ASM1558622v1_translated_cds-idupdate.faa,"Lucilia sericata NCBI Annotation release 100, translated CDS",True
145,12,/usr/local/i5k/media/blast/db/GCF_018152115.1_ASM1815211v1_translated_cds-idupdate.faa,GCF_018152115.1_ASM1815211v1_translated_cds-idupdate.faa,"Drosophila rhopaloa NCBI Annotation release 102, translated CDS",True
144,10,/usr/local/i5k/media/blast/db/GCF_018152265.1_ASM1815226v1_translated_cds.faa,GCF_018152265.1_ASM1815226v1_translated_cds.faa,"Drosophila ficusphila NCBI Annotation release 102, translated CDS",True
139,8,/usr/local/i5k/media/blast/db/GCF_018152505.1_ASM1815250v1_translated_cds.faa,GCF_018152505.1_ASM1815250v1_translated_cds.faa,"Drosophila elegans NCBI Annotation release 102, translated CDS",True
141,11,/usr/local/i5k/media/blast/db/GCF_018152535.1_ASM1815253v1_translated_cds.faa,GCF_018152535.1_ASM1815253v1_translated_cds.faa,"Drosophila kikkawai NCBI Annotation release 102, translated CDS",True
146,13,/usr/local/i5k/media/blast/db/GCF_018152695.1_ASM1815269v1_translated_cds-idupdate.faa,GCF_018152695.1_ASM1815269v1_translated_cds-idupdate.faa,"Drosophila takahashii NCBI Annotation release 102, translated CDS",True
140,9,/usr/local/i5k/media/blast/db/GCF_018153835.1_ASM1815383v1_translated_cds.faa,GCF_018153835.1_ASM1815383v1_translated_cds.faa,"Drosophila eugracilis NCBI Annotation release 102, translated CDS",True
143,7,/usr/local/i5k/media/blast/db/GCF_018153845.1_ASM1815384v1_translated_cds.faa,GCF_018153845.1_ASM1815384v1_translated_cds.faa,"Drosophila bipectinata NCBI Annotation release 102, translated CDS",True
136,91,/usr/local/i5k/media/blast/db/GCF_019457755.1_ASM1945775v1_translated_cds.faa,GCF_019457755.1_ASM1945775v1_translated_cds.faa,"Venturia canescens NCBI Annotation release 100, translated CDS",True
147,96,/usr/local/i5k/media/blast/db/GCF_021155765.1_iyDipSimi1.1_translated_cds.faa,GCF_021155765.1_iyDipSimi1.1_translated_cds.faa,"Diprion similis NCBI Annotation release 100, translated CDS",True
149,98,/usr/local/i5k/media/blast/db/GCF_021155775.1_iyNeoPine1.1_translated_cds.faa,GCF_021155775.1_iyNeoPine1.1_translated_cds.faa,"Neodiprion pinetum NCBI Annotation release 100, translated CDS",True
148,97,/usr/local/i5k/media/blast/db/GCF_021155785.1_iyNeoFabr1.1_translated_cds.faa,GCF_021155785.1_iyNeoFabr1.1_translated_cds.faa,"Neodiprion fabricii NCBI Annotation release 100, translated CDS",True
171,100,/usr/local/i5k/media/blast/db/GCF_021461385.2_iqSchPice1.1_protein.faa,GCF_021461385.2_iqSchPice1.1_protein.faa,"Schistocerca piceifrons NCBI Annotation release 100, translated CDS",True
170,102,/usr/local/i5k/media/blast/db/GCF_021461395.2_iqSchAmer2.1_protein.faa,GCF_021461395.2_iqSchAmer2.1_protein.faa,"Schistocerca americana NCBI Annotation release 100, translated CDS",True
154,47,/usr/local/i5k/media/blast/db/GCF_021901455.1_iyNeoLeco1.1_translated_cds.faa,GCF_021901455.1_iyNeoLeco1.1_translated_cds.faa,"Neodiprion lecontei NCBI Annotation release 101, translated CDS",True
150,99,/usr/local/i5k/media/blast/db/GCF_021901495.1_iyNeoVirg1.1_translated_cds.faa,GCF_021901495.1_iyNeoVirg1.1_translated_cds.faa,"Neodiprion virginiana NCBI Annotation release 100, translated CDS",True
152,101,/usr/local/i5k/media/blast/db/GCF_022581195.2_ilHelZeax1.1_translated_cds.faa,GCF_022581195.2_ilHelZeax1.1_translated_cds.faa,"Helicoverpa zea NCBI Annotation Release 100, translated CDS",True
203,127,/usr/local/i5k/media/blast/db/GCF_023078275.1_LegGlyc_1.1_translated_cds.faa,GCF_023078275.1_LegGlyc_1.1_translated_cds.faa,"Leguminivora glycinivorella NCBI Annotation release 100, translated CDS",True
232,42,/usr/local/i5k/media/blast/db/GCF_023373825.1_ASM2337382v1_translated_cds.faa,GCF_023373825.1_ASM2337382v1_translated_cds.faa,"Bactrocera dorsalis NCBI Annotation release 103, translated CDS",True
159,108,/usr/local/i5k/media/blast/db/GCF_024362695.1_ilPecGoss1.1_translated_cds.faa,GCF_024362695.1_ilPecGoss1.1_translated_cds.faa,"Pectinophora gossypiella NCBI Annotation release 100, translated CDS",True
167,59,/usr/local/i5k/media/blast/db/GCF_024364675.1_icAetTumi1.1_translated_cds.faa,GCF_024364675.1_icAetTumi1.1_translated_cds.faa,"Aethina tumida NCBI Annotation release 101, translated CDS",True
163,111,/usr/local/i5k/media/blast/db/GCF_024516045.1_iyBomAffi1.2_translated_cds.faa,GCF_024516045.1_iyBomAffi1.2_translated_cds.faa,"Bombus affinis NCBI Annotation release 100, translated CDS",True
160,109,/usr/local/i5k/media/blast/db/GCF_024542735.1_iyBomHunt1.1_translated_cds.faa,GCF_024542735.1_iyBomHunt1.1_translated_cds.faa,"Bombus huntii NCBI Annotation release 100, translated CDS",True
204,6,/usr/local/i5k/media/blast/db/GCF_025231255.1_RU_DBia_V1.1_translated_cds.faa,GCF_025231255.1_RU_DBia_V1.1_translated_cds.faa,"Drosophila biarmipes NCBI Annotation release 103, translated CDS",True
179,46,/usr/local/i5k/media/blast/db/GCF_026212275.2_iyMicDemo2.1a_translated_cds.faa,GCF_026212275.2_iyMicDemo2.1a_translated_cds.faa,"Microplitis demolitor NCBI Annotation release GCF_026212275.2-RS_2023_02, translated CDS",True
173,116,/usr/local/i5k/media/blast/db/GCF_026225885.1_UHH_iyHylAnth1.0_haploid_translated_cds.faa,GCF_026225885.1_UHH_iyHylAnth1.0_haploid_translated_cds.faa,"Hylaeus anthracinus NCBI Annotation release GCF_026225885.1-RS_2023_03, translated CDS",True
176,119,/usr/local/i5k/media/blast/db/GCF_026230105.1_icDioSubl1.1_translated_cds.faa,GCF_026230105.1_icDioSubl1.1_translated_cds.faa,"Diorhabda sublineata NCBI Annotation release GCF_026230105.1-RS_2023_05, translated CDS",True
174,117,/usr/local/i5k/media/blast/db/GCF_026283585.1_UHH_iyHylVolc1.0_haploid_cds_from_genomic.fna,GCF_026283585.1_UHH_iyHylVolc1.0_haploid_cds_from_genomic.fna,"Hylaeus volcanicus NCBI Annotation release GCF_026283585.1-RS_2023_03, translated CDS",True
182,78,/usr/local/i5k/media/blast/db/GCF_026898425.1_CSIRO_AGI_GalMel_v1_translated_cds.faa,GCF_026898425.1_CSIRO_AGI_GalMel_v1_translated_cds.faa,"Galleria mellonella NCBI Annotation release GCF_026898425.1-RS_2022_12, translated CDS",True
222,113,/usr/local/i5k/media/blast/db/GCF_027563975.2_ilPloInte3.2_translated_cds.faa,GCF_027563975.2_ilPloInte3.2_translated_cds.faa,"Plodia interpunctella NCBI Annotation release GCF_027563975.2-RS_2024_04, translated CDS",True
169,114,/usr/local/i5k/media/blast/db/GCF_028408465.1_idAnaLude1.1_translated_cds.faa,GCF_028408465.1_idAnaLude1.1_translated_cds.faa,"Anastrepha ludens NCBI Annotation release GCF_028408465.1-RS_2023_03, translated CDS",True
180,122,/usr/local/i5k/media/blast/db/GCF_029852145.1_iyMicMedi2.1_translated_cds.faa,GCF_029852145.1_iyMicMedi2.1_translated_cds.faa,"Microplitis mediator NCBI Annotation release GCF_029852145.1-RS_2023_06, translated CDS",True
192,124,/usr/local/i5k/media/blast/db/GCF_029955315.1_icCylForm1.1_translated_cds.faa,GCF_029955315.1_icCylForm1.1_translated_cds.faa,"Cylas formicarius NCBI Annotation release GCF_029955315.1-RS_2023_10, translated CDS",True
220,54,/usr/local/i5k/media/blast/db/GCF_031307605.1_icTriCast1.1_translated_cds.faa,GCF_031307605.1_icTriCast1.1_translated_cds.faa,"Tribolium castaneum NCBI Annotation release GCF_031307605.1-RS_2024_04, translated CDS",True
202,44,/usr/local/i5k/media/blast/db/GCF_032362555.1_ilAmyTran1.1_translated_cds.faa,GCF_032362555.1_ilAmyTran1.1_translated_cds.faa,"Amyelois transitella NCBI Annotation release GCF_032362555.1-RS_2023_11, translated CDS",True
199,126,/usr/local/i5k/media/blast/db/GCF_033807575.1_ilCydPomo1_translated_cds.faa,GCF_033807575.1_ilCydPomo1_translated_cds.faa,"Cydia pomonella NCBI Annotation release GCF_033807575.1-RS_2023_12, translated CDS",True
215,128,/usr/local/i5k/media/blast/db/GCF_034640455.1_iyDiaLong2_translated_cds.faa,GCF_034640455.1_iyDiaLong2_translated_cds.faa,"Diachasmimorpha longicaudata NCBI Annotation release GCF_034640455.1-RS_2024_03, translated CDS",True
216,129,/usr/local/i5k/media/blast/db/GCF_037043105.1_ilVanTame1_primary_haplotype_translated_cds.faa,GCF_037043105.1_ilVanTame1_primary_haplotype_translated_cds.faa,"Vanessa tameamea NCBI Annotation release GCF_037043105.1-RS_2024_03, translated CDS",True
217,130,/usr/local/i5k/media/blast/db/GCF_037126465.1_ASM3712646v1_translated_cds.faa,GCF_037126465.1_ASM3712646v1_translated_cds.faa,"Ornithodoros turicata NCBI Annotation release GCF_037126465.1-RS_2024_04, translated CDS",True
237,131,/usr/local/i5k/media/blast/db/GCF_040414725.1_ASM4041472v1_translated_cds.faa,GCF_040414725.1_ASM4041472v1_translated_cds.faa,"Anabrus simplex NCBI Annotation release GCF_040414725.1-RS_2024_09, translated CDS",True
181,70,/usr/local/i5k/media/blast/db/GCF_910591885.1_iyBomTerr1.2_translated_cds.faa,GCF_910591885.1_iyBomTerr1.2_translated_cds.faa,"Bombus terrestris NCBI Annotation release 103, translated CDS",True
207,2,/usr/local/i5k/media/blast/db/GCF_917208135.1_iyAthRosa1.1_translated_cds.faa,GCF_917208135.1_iyAthRosa1.1_translated_cds.faa,"Athalia rosae NCBI Annotation release 103, translated CDS",True
227,45,/usr/local/i5k/media/blast/db/JAMg_OGSv1.1_pep.fa,JAMg_OGSv1.1_pep.fa,"Bactrocera oleae JAMg_OGSv1.1, translated CDS",True
214,69,/usr/local/i5k/media/blast/db/apimel_OGSv3.4_pep.fa,apimel_OGSv3.4_pep.fa,"Apis mellifera OGSv3.4, translated CDS",True
208,2,/usr/local/i5k/media/blast/db/athros_OGSv1.3_pep.fa,athros_OGSv1.3_pep.fa,"Athalia rosae OGS_v1.3, translated CDS",True
185,57,/usr/local/i5k/media/blast/db/cepcin_OGSv1.2_pep.fa,cepcin_OGSv1.2_pep.fa,"Cephus cinctus cepcin_OGSv1.2, translated CDS",True
236,3,/usr/local/i5k/media/blast/db/cercap_OGSv1.1_pep.fa,cercap_OGSv1.1_pep.fa,"Ceratitis capitata OGS release 1.1, translated CDS",True
206,71,/usr/local/i5k/media/blast/db/eufmex_OGSv1.3_pep.fa,eufmex_OGSv1.3_pep.fa,"Eufriesea mexicana OGSv1.3, translated CDS",True
210,16,/usr/local/i5k/media/blast/db/fraocc_OGSv1.2_pep.fa,fraocc_OGSv1.2_pep.fa,"Frankliniella occidentalis OGSv1.2, translated CDS",True
238,63,/usr/local/i5k/media/blast/db/helvir_OGSv1.1_pep.fa,helvir_OGSv1.1_pep.fa,"Heliothis virescens OGS 1.1, translated CDS",True
184,40,/usr/local/i5k/media/blast/db/hyaazt_OGSv1.3_pep.fa,hyaazt_OGSv1.3_pep.fa,"Hyalella azteca OGSv1.3, translated CDS",True
137,17,/usr/local/i5k/media/blast/db/ladful_OGSv1.0_pep.fa,ladful_OGSv1.0_pep.fa,"Ladona fulva Official Gene Set ladful OGSv1.0, translated CDS",True
187,76,/usr/local/i5k/media/blast/db/nylful_OGSv1.1_pep.fa,nylful_OGSv1.1_pep.fa,"nylful_OGSv1.1, translated CDS",True
198,20,/usr/local/i5k/media/blast/db/oruabi_OGSv1.2_pep.fa,oruabi_OGSv1.2_pep.fa,"Orussus abietinus oruabi OGSv1.2, translated CDS",True
193,125,/usr/local/i5k/media/blast/db/permai_annotations_v2023_pep.fa,permai_annotations_v2023_pep.fa,"Peregrinus maidis annotations v2023, translated CDS",True
212,32,/usr/local/i5k/media/blast/db/tigcal_OGSv1.1_pep.fa,tigcal_OGSv1.1_pep.fa,"Tigriopus californicus OGSv1.1, translated CDS",True
225,54,/usr/local/i5k/media/blast/db/tricas_OGSv3.1_trans.fa,tricas_OGSv3.1_trans.fa,"Tribolium castaneum OGSv3.1, translated CDS",True
31,37,/usr/local/i5k/media/blast/db/BGER.faa,BGER.faa,Blattella_germanica_BCM_v0.5.3_proteins,True
81,65,/usr/local/i5k/media/blast/db/Clitarchus_hookeri_Maker_annotations_pep.fa,Clitarchus_hookeri_Maker_annotations_pep.fa,"Clitarchus hookeri Maker annotations, proteins",True
54,13,/usr/local/i5k/media/blast/db/DTAK.faa,DTAK.faa,Drosophila takahashii Maker proteins v0.5.3 (BCM),True
75,5,/usr/local/i5k/media/blast/db/Dcitr_OGSv1.0_pep.fa,Dcitr_OGSv1.0_pep.fa,"Diaphorina citri OGSv1.0, proteins",True
28,5,/usr/local/i5k/media/blast/db/Diacit_refseq_protein.fa,Diacit_refseq_protein.fa,Diacit_RefSeq_proteins_Release_100,True
6,52,/usr/local/i5k/media/blast/db/Dufourea_novaeangliae_v1.1_mapped-to-RefSeq_peptide.faa,Dufourea_novaeangliae_v1.1_mapped-to-RefSeq_peptide.faa,"Dufourea novaeangliae v1.1, peptide sequences",True
52,15,/usr/local/i5k/media/blast/db/EAFF_new_ids.faa,EAFF_new_ids.faa,Eurytemora affinis Maker proteins v0.5.3 (BCM),True
74,61,/usr/local/i5k/media/blast/db/Edil_v1.0_peptide.fa,Edil_v1.0_peptide.fa,"Euglossa dilemma v1.0, proteins",True
41,26,/usr/local/i5k/media/blast/db/GBUE_new_ids.faa,GBUE_new_ids.faa,Gerris buenoi Maker proteins v0.5.3 (BCM),True
16,48,/usr/local/i5k/media/blast/db/GCA_001263275.1_ASM126327v1_protein.faa,GCA_001263275.1_ASM126327v1_protein.faa,"Habropoda laboriosa - ASM126327v1 GenBank Annotations, proteins",True
14,53,/usr/local/i5k/media/blast/db/GCA_001276565.1_ASM127656v1_protein.faa,GCA_001276565.1_ASM127656v1_protein.faa,Melipona quadrifasciata GLEAN predicted proteins,True
85,13,/usr/local/i5k/media/blast/db/GCF_000224235.1_Dtak_2.0_protein.faa,GCF_000224235.1_Dtak_2.0_protein.faa,"Drosophila takahashii Annotation Release 101 (GCF_000224235.1), proteins",True
105,1,/usr/local/i5k/media/blast/db/GCF_000390285.2_Agla_2.0_translated_cds.faa,GCF_000390285.2_Agla_2.0_translated_cds.faa,"NCBI Anoplophora glabripennis Annotation Release 101, translated CDS",True
107,4,/usr/local/i5k/media/blast/db/GCF_000648675.2_Clec_2.1_translated_cds.faa,GCF_000648675.2_Clec_2.1_translated_cds.faa,"Cimex lectularius NCBI annotation release 101, peptide",True
67,58,/usr/local/i5k/media/blast/db/GCF_001412225.1_Nicve_v1.0_protein.faa,GCF_001412225.1_Nicve_v1.0_protein.faa,"Nicrophorus vespilloides Annotation Release 100 (GCF_001412225.1), proteins",True
66,56,/usr/local/i5k/media/blast/db/GCF_001412515.1_Dall1.0_protein.faa,GCF_001412515.1_Dall1.0_protein.faa,"Diachasma alloeum Annotation Release 100 (GCF_001412515.1), proteins",True
126,56,/usr/local/i5k/media/blast/db/GCF_001412515.2_Dall2.0_translated_cds-idupdate.faa,GCF_001412515.2_Dall2.0_translated_cds-idupdate.faa,"Diachasma alloeum NCBI Annotation Release 101, translated CDS",True
65,55,/usr/local/i5k/media/blast/db/GCF_001687245.1_Rhagoletis_zephyria_1.0_protein.faa,GCF_001687245.1_Rhagoletis_zephyria_1.0_protein.faa,"Rhagoletis zephyria Annotation Release 100 (GCF_001687245.1), proteins",True
76,62,/usr/local/i5k/media/blast/db/GCF_001854935.1_ASM185493v1_protein.faa,GCF_001854935.1_ASM185493v1_protein.faa,"Bemisia tabaci Annotation Release 100 (GCF_001854935.1), proteins",True
112,74,/usr/local/i5k/media/blast/db/GCF_003013835.1_Dvir_v2.0_translated_cds.faa,GCF_003013835.1_Dvir_v2.0_translated_cds.faa,"Diabrotica virgifera Annotation Release 100 (GCF_003013835.1), translated CDS predicted from genomic sequence",True
121,79,/usr/local/i5k/media/blast/db/GCF_009176525.2_AAFC_CNas_1.1_translated_cds-idupdate.faa,GCF_009176525.2_AAFC_CNas_1.1_translated_cds-idupdate.faa,"Contarinia nasturtii NCBI Annotation Release 100, translated CDS",True
125,81,/usr/local/i5k/media/blast/db/GCF_010583005.1_Obru_v1_cds_from_genomic-idupdate.fna,GCF_010583005.1_Obru_v1_cds_from_genomic-idupdate.fna,"Osmia lignaria NCBI Annotation Release 100, translated CDS",True
124,80,/usr/local/i5k/media/blast/db/GCF_010583005.1_Obru_v1_translated_cds-idupdate.faa,GCF_010583005.1_Obru_v1_translated_cds-idupdate.faa,"Odontomachus brunneus NCBI Annotation Release 100, translated CDS",True
127,83,/usr/local/i5k/media/blast/db/GCF_013357705.1_ASM1335770v1_translated_cds-idupdate.faa,GCF_013357705.1_ASM1335770v1_translated_cds-idupdate.faa,"Chelonus insularis NCBI Annotation Release 100, translated CDS",True
131,34,/usr/local/i5k/media/blast/db/GCF_014839805.1_JHU_Msex_v1.0_translated_cds-idupdate.faa,GCF_014839805.1_JHU_Msex_v1.0_translated_cds-idupdate.faa,"Manduca sexta NCBI Annotation release 102, translated CDS",True
162,110,/usr/local/i5k/media/blast/db/GCF_023864275.1_iqSchCanc2.1_protein.faa,GCF_023864275.1_iqSchCanc2.1_protein.faa,GCF_023864275.1_iqSchCanc2.1_protein.faa,True
40,27,/usr/local/i5k/media/blast/db/HVIT_new_ids.faa,HVIT_new_ids.faa,Homalodisca vitripennis Maker proteins v0.5.3 (BCM),True
90,66,/usr/local/i5k/media/blast/db/Holacanthella_duospinosa_annotation_1.0_pep.fa,Holacanthella_duospinosa_annotation_1.0_pep.fa,"Holacanthella duospinosa annotations Holacanthella_duospinosa_annotation v1.0, proteins",True
49,18,/usr/local/i5k/media/blast/db/LDEC_new_ids.faa,LDEC_new_ids.faa,Leptinotarsa decemlineata Maker proteins v0.5.3 (BCM),True
39,28,/usr/local/i5k/media/blast/db/LHES_new_ids.faa,LHES_new_ids.faa,Latrodectus hesperus Maker proteins v0.5.3 (BCM),True
38,29,/usr/local/i5k/media/blast/db/LLUN_new_ids.faa,LLUN_new_ids.faa,Limnephilus lunatus Maker proteins v0.5.3 (BCM),True
37,30,/usr/local/i5k/media/blast/db/LREC_new_ids.faa,LREC_new_ids.faa,Loxosceles reclusa Maker proteins v0.5.3 (BCM),True
7,49,/usr/local/i5k/media/blast/db/Lalb_OGS_v5.42.pep.fa,Lalb_OGS_v5.42.pep.fa,"Lasioglossum albipes proteins, Lalb_OGS_v5.42",True
77,62,/usr/local/i5k/media/blast/db/MEAM1_v1.2-GCF_001854935.1_pep.fa,MEAM1_v1.2-GCF_001854935.1_pep.fa,"Bemisia tabaci OGS MEAM1_v1.2, proteins",True
8,50,/usr/local/i5k/media/blast/db/Megachile_rotundata_v1.1.pep.fa,Megachile_rotundata_v1.1.pep.fa,"Megachile rotundata v1.1, proteins",True
4,53,/usr/local/i5k/media/blast/db/Melipona_quadrifasciata_v1.1.pep.fa,Melipona_quadrifasciata_v1.1.pep.fa,Melipona quadrifasciata v1.1. proteins,True
91,67,/usr/local/i5k/media/blast/db/Mext_OGS_v1.0_pep.fa,Mext_OGS_v1.0_pep.fa,"Medauroidea extradentata annotations OGS v1.0, proteins",True
5,52,/usr/local/i5k/media/blast/db/NCBI_Dufourea_novaeangliae_Annotation_Release_100_protein.fa,NCBI_Dufourea_novaeangliae_Annotation_Release_100_protein.fa,"NCBI Dufourea novaeangliae Annotation Release 100, proteins",True
12,50,/usr/local/i5k/media/blast/db/NCBI_Megachile_rotundata_Annotation_Release_101_protein.fa,NCBI_Megachile_rotundata_Annotation_Release_101_protein.fa,"Megachile rotundata NCBI annotation release 101, proteins",True
46,22,/usr/local/i5k/media/blast/db/PTEP_new_ids.faa,PTEP_new_ids.faa,Parasteatoda tepidariorum Maker proteins v0.5.3 (BCM),True
47,21,/usr/local/i5k/media/blast/db/PVEN_new_ids.faa,PVEN_new_ids.faa,Pachypsylla venusta Maker proteins v0.5.3 (BCM),True
20,1,/usr/local/i5k/media/blast/db/agla_OGS_v1_2_peptide.fa,agla_OGS_v1_2_peptide.fa,"Anoplophora glabripennis peptides, OGSv1.2",True
104,1,/usr/local/i5k/media/blast/db/anogla_OGSv1.3_pep.fa,anogla_OGSv1.3_pep.fa,"Anoplophora glabripennis OGSv1.3, peptides",True
33,22,/usr/local/i5k/media/blast/db/aug3.1.aa_new_ids.fa,aug3.1.aa_new_ids.fa,Augustus_set_v3.0_proteins,True
106,37,/usr/local/i5k/media/blast/db/blager_OGSv1.2_pep.fa,blager_OGSv1.2_pep.fa,"Blattella germanica OGSv1.2, peptides",True
99,72,/usr/local/i5k/media/blast/db/bomimp_OGSv1.1_pep_new.fa,bomimp_OGSv1.1_pep_new.fa,"Bombus impatiens OGSv1.1, peptide",True
21,4,/usr/local/i5k/media/blast/db/clec_OGS_v1_2_peptide.fa,clec_OGS_v1_2_peptide.fa,"Cimex lectularius OGS v1.2, peptides",True
122,14,/usr/local/i5k/media/blast/db/ephdan_OGSv1.0_pep.fa,ephdan_OGSv1.0_pep.fa,"Ephemera danica ephdan_OGSv1.0, proteins",True
25,41,/usr/local/i5k/media/blast/db/fopari_v100_protein.fa,fopari_v100_protein.fa,"Fopius arisanus - NCBI annotation release 100, proteins",True
101,26,/usr/local/i5k/media/blast/db/gerbue_OGSv1.1_pep.fa,gerbue_OGSv1.1_pep.fa,"Gerris buenoi OGSv1.1, proteins",True
118,36,/usr/local/i5k/media/blast/db/halhal_OGSv1.2_pep.fa,halhal_OGSv1.2_pep.fa,"Halyomorpha halys Official Gene Set v1.2, proteins",True
32,35,/usr/local/i5k/media/blast/db/hf_OGS1.0.pep.fasta,hf_OGS1.0.pep.fasta,"Mayetiola destructor OGS_v1.0, proteins",True
113,75,/usr/local/i5k/media/blast/db/laostr_OGSv1.2_pep.faa,laostr_OGSv1.2_pep.faa,"Laodelphax striatellus laostr_OGSv1.2, proteins",True
92,18,/usr/local/i5k/media/blast/db/lepdec_OGSv1.2_GCF_000500325.1_pep.fa,lepdec_OGSv1.2_GCF_000500325.1_pep.fa,"Leptinotarsa decemlineata OGSv1.2, proteins",True
72,60,/usr/local/i5k/media/blast/db/locust.OGS_preQC.gff3.pep,locust.OGS_preQC.gff3.pep,"Locusta migratoria JAMg OGS v1, proteins",True
61,5,/usr/local/i5k/media/blast/db/maker_genes_diaci1.1_proteins_NALmod_new_ids.fasta,maker_genes_diaci1.1_proteins_NALmod_new_ids.fasta,Diacit_International_psyllid_consortium_proteins_v1,True
34,34,/usr/local/i5k/media/blast/db/ms_ogs_proteins.fa,ms_ogs_proteins.fa,Manduca_sexta_OGS_v2.0_peptide,True
70,58,/usr/local/i5k/media/blast/db/nicves_OGSv1.0_pep.fa,nicves_OGSv1.0_pep.fa,Nicrophorus vespilloides Official Gene Set v1.0 proteins (Cunningham et al. 2015 Genome Biology and Evolution),True
73,19,/usr/local/i5k/media/blast/db/oncfas_OGSv1.2_original_peptide.fa,oncfas_OGSv1.2_original_peptide.fa,"Oncopeltus fasciatus OGSv1.2, peptides",True
